-- Adminer 4.3.1 MySQL dump

SET NAMES utf8;
SET time_zone = '+00:00';
SET foreign_key_checks = 0;
SET sql_mode = 'NO_AUTO_VALUE_ON_ZERO';

DROP TABLE IF EXISTS `all_other_tests_records`;
CREATE TABLE `all_other_tests_records` (
  `id` int(11) NOT NULL AUTO_INCREMENT,
  `test_name` varchar(255) NOT NULL,
  `patient_id` int(11) NOT NULL,
  `pdf` varchar(255) NOT NULL,
  `date` date NOT NULL,
  `created` datetime NOT NULL,
  `modified` datetime NOT NULL,
  PRIMARY KEY (`id`)
) ENGINE=InnoDB DEFAULT CHARSET=latin1;


DROP TABLE IF EXISTS `appointments`;
CREATE TABLE `appointments` (
  `id` int(11) NOT NULL AUTO_INCREMENT,
  `unique_id` varchar(255) NOT NULL,
  `patient_type` varchar(255) NOT NULL,
  `room_slot_id` int(11) NOT NULL,
  `branch_id` int(11) NOT NULL,
  `mst_slot_id_from` int(11) NOT NULL,
  `mst_slot_id_to` int(11) NOT NULL,
  `mst_age_id` int(11) NOT NULL,
  `group_id` int(11) NOT NULL,
  `patient_id` int(11) NOT NULL,
  `doctor_id` int(11) NOT NULL,
  `reffered_by` int(11) NOT NULL,
  `mst_slot_from` varchar(255) NOT NULL,
  `mst_slot_to` varchar(255) NOT NULL,
  `subtest_ids` varchar(255) NOT NULL,
  `date` date NOT NULL,
  `appointment_number` int(11) NOT NULL,
  `appointment_status` enum('Pending','Assigned','Completed') NOT NULL DEFAULT 'Pending',
  `doctor_remark` text NOT NULL,
  `associates_notification_read` enum('No','Yes') NOT NULL DEFAULT 'No',
  `reception_notification_read` enum('No','Yes') NOT NULL DEFAULT 'No',
  `follow_up_date` date NOT NULL,
  `next_follow_up` date NOT NULL,
  `created` datetime NOT NULL,
  `modified` datetime NOT NULL,
  PRIMARY KEY (`id`)
) ENGINE=InnoDB DEFAULT CHARSET=latin1;

INSERT INTO `appointments` (`id`, `unique_id`, `patient_type`, `room_slot_id`, `branch_id`, `mst_slot_id_from`, `mst_slot_id_to`, `mst_age_id`, `group_id`, `patient_id`, `doctor_id`, `reffered_by`, `mst_slot_from`, `mst_slot_to`, `subtest_ids`, `date`, `appointment_number`, `appointment_status`, `doctor_remark`, `associates_notification_read`, `reception_notification_read`, `follow_up_date`, `next_follow_up`, `created`, `modified`) VALUES
(1,	'PAT-9309-20180605',	'Test',	1,	1,	1,	2,	4,	1,	12,	1,	0,	'09:00:00',	'09:30:00',	'2',	'2018-06-05',	1,	'Completed',	'',	'No',	'No',	'2018-06-05',	'0000-00-00',	'2018-06-05 03:55:35',	'0000-00-00 00:00:00'),
(2,	'PAT-9309-20180605',	'Test',	0,	1,	0,	0,	4,	1,	12,	1,	0,	'0',	'0',	'2',	'0000-00-00',	1,	'Assigned',	'',	'No',	'No',	'2018-06-05',	'0000-00-00',	'2018-06-05 16:40:35',	'2018-06-05 16:40:35'),
(3,	'PAT-19822-20180605',	'Test',	1,	1,	3,	4,	0,	1,	10,	1,	0,	'10:00:00',	'11:00:00',	'1',	'2018-06-05',	1,	'Completed',	'',	'No',	'No',	'2018-06-05',	'0000-00-00',	'2018-06-05 04:56:10',	'0000-00-00 00:00:00'),
(4,	'PAT-19822-20180605',	'Test',	0,	1,	0,	0,	0,	1,	10,	1,	0,	'0',	'0',	'1',	'0000-00-00',	1,	'Assigned',	'',	'No',	'No',	'2018-06-05',	'0000-00-00',	'2018-06-05 16:58:30',	'2018-06-05 16:58:30'),
(5,	'PAT-9309-20180605',	'Test',	0,	1,	0,	0,	4,	1,	12,	1,	0,	'0',	'0',	'2',	'0000-00-00',	1,	'Assigned',	'',	'No',	'No',	'2018-06-05',	'0000-00-00',	'2018-06-05 17:01:35',	'2018-06-05 17:01:35'),
(6,	'PAT-20415-20180609',	'Test',	1,	1,	1,	2,	6,	1,	10,	1,	0,	'09:00:00',	'09:30:00',	'2',	'2018-06-09',	2,	'Completed',	'',	'No',	'No',	'0000-00-00',	'0000-00-00',	'2018-06-09 12:30:17',	'0000-00-00 00:00:00'),
(7,	'PAT-20415-20180609',	'Test',	0,	1,	0,	0,	6,	1,	10,	1,	0,	'0',	'0',	'2',	'0000-00-00',	2,	'Assigned',	'',	'No',	'No',	'0000-00-00',	'0000-00-00',	'2018-06-09 12:31:21',	'2018-06-09 12:31:21'),
(8,	'PAT-21629-20180611',	'Test',	1,	1,	1,	2,	4,	1,	1,	1,	0,	'09:00:00',	'09:30:00',	'2',	'2018-06-11',	1,	'Assigned',	'',	'No',	'No',	'0000-00-00',	'0000-00-00',	'2018-06-11 12:44:51',	'0000-00-00 00:00:00'),
(9,	'PAT-28982-20180611',	'Daily',	1,	1,	4,	5,	0,	2,	1,	1,	0,	'11:00:00',	'11:30:00',	'2',	'2018-06-11',	2,	'Assigned',	'',	'No',	'No',	'0000-00-00',	'0000-00-00',	'2018-06-11 01:08:54',	'0000-00-00 00:00:00'),
(10,	'PAT-20415-20180609',	'Test',	1,	1,	1,	2,	6,	1,	10,	1,	0,	'1',	'2',	'2',	'2018-06-12',	2,	'Completed',	'',	'No',	'No',	'0000-00-00',	'2018-06-12',	'2018-06-12 11:28:18',	'2018-06-12 11:28:18');

DROP TABLE IF EXISTS `cities`;
CREATE TABLE `cities` (
  `id` int(11) NOT NULL AUTO_INCREMENT,
  `country_id` int(11) NOT NULL,
  `state_id` int(11) NOT NULL,
  `city_name` varchar(30) NOT NULL,
  `status` enum('Active','Inactive','Trash') NOT NULL DEFAULT 'Active',
  `created` datetime NOT NULL,
  `modified` datetime NOT NULL,
  PRIMARY KEY (`id`)
) ENGINE=InnoDB DEFAULT CHARSET=latin1;

INSERT INTO `cities` (`id`, `country_id`, `state_id`, `city_name`, `status`, `created`, `modified`) VALUES
(2,	1,	21,	'Nagpur',	'Active',	'2017-09-11 12:14:01',	'2017-09-11 09:05:31'),
(3,	1,	21,	'Hingana',	'Active',	'2017-09-11 12:14:16',	'2017-09-11 09:02:32'),
(10,	1,	21,	'Wadi',	'Active',	'2017-09-11 11:35:31',	'0000-00-00 00:00:00'),
(11,	1,	21,	'Kalmeshwar',	'Active',	'2017-09-11 11:35:31',	'0000-00-00 00:00:00'),
(12,	1,	21,	'Saoner',	'Active',	'2017-09-11 11:35:31',	'0000-00-00 00:00:00'),
(13,	1,	21,	'Umred',	'Active',	'2017-09-11 11:35:31',	'0000-00-00 00:00:00'),
(14,	1,	21,	'Bhandara',	'Active',	'2017-09-11 11:35:31',	'0000-00-00 00:00:00'),
(15,	1,	21,	'Chandrapur',	'Active',	'2017-09-11 11:35:31',	'0000-00-00 00:00:00'),
(16,	1,	21,	'Wardha',	'Active',	'2017-09-13 09:22:56',	'0000-00-00 00:00:00'),
(17,	1,	21,	'Akalkot',	'Active',	'2018-02-24 12:41:52',	'0000-00-00 00:00:00'),
(18,	1,	21,	'Amarnath',	'Active',	'2018-02-24 12:41:52',	'0000-00-00 00:00:00');

DROP TABLE IF EXISTS `countries`;
CREATE TABLE `countries` (
  `id` int(11) NOT NULL AUTO_INCREMENT,
  `country_name` varchar(150) NOT NULL,
  `short_name` varchar(3) NOT NULL,
  `phonecode` int(11) NOT NULL,
  `status` enum('Active','Inactive','Trash') NOT NULL DEFAULT 'Active',
  `created` datetime NOT NULL,
  `modified` datetime NOT NULL,
  PRIMARY KEY (`id`)
) ENGINE=InnoDB DEFAULT CHARSET=utf8;

INSERT INTO `countries` (`id`, `country_name`, `short_name`, `phonecode`, `status`, `created`, `modified`) VALUES
(1,	'India',	'IND',	91,	'Active',	'2018-02-24 13:04:29',	'0000-00-00 00:00:00');

DROP TABLE IF EXISTS `dcdq_tests_score`;
CREATE TABLE `dcdq_tests_score` (
  `id` int(11) NOT NULL AUTO_INCREMENT,
  `patient_id` int(11) NOT NULL,
  `dcdq_tests_question_id` int(11) NOT NULL,
  `dcdq_answer_score` enum('1','2','3','4','5') NOT NULL,
  `status` enum('Active','Inactive') NOT NULL,
  `created` datetime NOT NULL,
  `modified` datetime NOT NULL,
  PRIMARY KEY (`id`)
) ENGINE=InnoDB DEFAULT CHARSET=latin1;


DROP TABLE IF EXISTS `doctor_messages`;
CREATE TABLE `doctor_messages` (
  `id` int(11) NOT NULL AUTO_INCREMENT,
  `refered_doctor_id` int(11) NOT NULL,
  `patient_id` int(11) NOT NULL,
  `created_by` int(11) NOT NULL,
  `branch_id` int(11) NOT NULL,
  `notification_id` int(11) NOT NULL,
  `message` text NOT NULL,
  `mobile` text NOT NULL,
  `date` date NOT NULL,
  `created` datetime NOT NULL,
  `modified` datetime NOT NULL,
  PRIMARY KEY (`id`)
) ENGINE=InnoDB DEFAULT CHARSET=latin1;

INSERT INTO `doctor_messages` (`id`, `refered_doctor_id`, `patient_id`, `created_by`, `branch_id`, `notification_id`, `message`, `mobile`, `date`, `created`, `modified`) VALUES
(1,	0,	1,	1,	1,	1,	'\r\n                   	Dear , We attend the patient ,  and we diagnosis some points like \"symptoms,Signs,tests\" and we are \"demo\" are recomended to patient for their better health! Regards, Prouds.                              ',	'',	'2018-06-01',	'2018-06-01 10:48:51',	'0000-00-00 00:00:00'),
(2,	0,	2,	1,	1,	2,	'\r\n                   	Dear , We attend the patient ,  and we diagnosis some points like \"symptoms,tests\" and we are \"demo\" are recomended to patient for their better health! Regards, Prouds.                              ',	'',	'2018-06-02',	'2018-06-02 16:07:04',	'0000-00-00 00:00:00'),
(3,	1,	4,	1,	1,	1,	'\r\n                   	Dear Testing doctor, We attend the patient Rishabh, 9874645212 and we diagnosis some points like \"\" and we are \"demo\" are recomended to patient for their better health! Regards, Prouds.                              ',	'9874645212',	'2018-06-04',	'2018-06-04 14:26:04',	'0000-00-00 00:00:00'),
(4,	1,	1,	1,	1,	1,	'\r\n                   	Hello   Testing doctor,\r\nI evaluated to  ,  9874645212 and find some diagnosis  \"symptoms,tests\" and would like to {recommendation_name}.\r\nThanks and Regards,\r\nProuds                         ',	'9874645212',	'2018-06-04',	'2018-06-04 15:34:34',	'0000-00-00 00:00:00'),
(5,	0,	7,	1,	1,	7,	'\r\n                   	Hello   ,\r\nI evaluated to  ,   and find some diagnosis  \"Signs,demos\" and would like to {recommendation_name}.\r\nThanks and Regards,\r\nProuds                         ',	'',	'2018-06-04',	'2018-06-04 15:47:59',	'0000-00-00 00:00:00'),
(6,	1,	2,	1,	1,	3,	'\r\n                   	Dear Testing doctor, We attend the patient Ashwin, 9874645212 and we diagnosis some points like \"symptoms,Signs\" and we are \"demo\" are recomended to patient for their better health! Regards, Prouds.                              ',	'9874645212',	'2018-06-04',	'2018-06-04 15:57:30',	'0000-00-00 00:00:00'),
(7,	1,	2,	1,	1,	1,	'\r\n                   	Dear Testing doctor, We attend the patient Ashwin, 9874645212 and we diagnosis some points like \"symptoms,Signs\" and we are \"demo\" are recomended to patient for their better health! Regards, Prouds.                              ',	'9874645212',	'2018-06-04',	'2018-06-04 16:03:58',	'0000-00-00 00:00:00'),
(8,	1,	1,	1,	1,	1,	'\r\n                   	Dear Testing doctor, We attend the patient Rahul, 9874645212 and we diagnosis some points like \"symptoms,Signs\" and we are \"demo\" are recomended to patient for their better health! Regards, Prouds.                              ',	'9874645212',	'2018-06-05',	'2018-06-05 10:16:42',	'0000-00-00 00:00:00'),
(9,	1,	4,	1,	1,	1,	'\r\n                   	Dear Testing doctor, We attend the patient Rishabh, 9874645212 and we diagnosis some points like \"symptoms\" and we are \"test\" are recomended to patient for their better health! Regards, Prouds.                              ',	'9874645212',	'2018-06-05',	'2018-06-05 10:43:18',	'0000-00-00 00:00:00'),
(10,	1,	8,	1,	1,	1,	'\r\n                   	Dear Testing doctor, We attend the patient Janvi, 9874645212 and we diagnosis some points like \"symptoms,Signs\" and we are \"demo\" are recomended to patient for their better health! Regards, Prouds.                              ',	'9874645212',	'2018-06-05',	'2018-06-05 12:23:46',	'0000-00-00 00:00:00'),
(11,	1,	1,	1,	1,	2,	'\r\n                   	Dear Testing doctor, We attend the patient Rahul, 9874645212 and we diagnosis some points like \"symptoms,tests\" and we are \"demo\" are recomended to patient for their better health! Regards, Prouds.                              ',	'9874645212',	'2018-06-05',	'2018-06-05 12:49:55',	'0000-00-00 00:00:00'),
(12,	1,	12,	1,	1,	1,	'\r\n                   	Hello   Testing doctor,\r\nI evaluated to  Vani,  9874645212 and find some diagnosis  \"symptoms,Signs\" and would like to {recommendation_name}.\r\nThanks and Regards,\r\nProuds                         ',	'9874645212',	'2018-06-05',	'2018-06-05 15:54:13',	'0000-00-00 00:00:00'),
(13,	1,	10,	1,	1,	2,	'\r\n                   	Hello   Testing doctor,\r\nI evaluated to  Savi,  9874645212 and find some diagnosis  \"Signs,tests\" and would like to {recommendation_name}.\r\nThanks and Regards,\r\nProuds                         ',	'9874645212',	'2018-06-05',	'2018-06-05 16:54:13',	'0000-00-00 00:00:00'),
(14,	1,	1,	1,	1,	1,	'\r\n                   	Hello   Testing doctor,\r\nI evaluated to  ,  9874645212 and find some diagnosis  \"tests\" and would like to {recommendation_name}.\r\nThanks and Regards,\r\nProuds                         ',	'9874645212',	'2018-06-11',	'2018-06-11 12:41:43',	'0000-00-00 00:00:00');

DROP TABLE IF EXISTS `early_notification_admins`;
CREATE TABLE `early_notification_admins` (
  `id` int(11) NOT NULL AUTO_INCREMENT,
  `reffered_by` int(11) NOT NULL,
  `parent_id` int(11) NOT NULL,
  `child_id` int(11) NOT NULL,
  `patient_id` int(11) NOT NULL,
  `branch_id` int(11) NOT NULL,
  `doctor_id` int(11) NOT NULL,
  `assigned_doctor_id` int(11) NOT NULL,
  `reception_id` int(11) NOT NULL,
  `group_id` int(11) NOT NULL,
  `subtest_id` varchar(255) NOT NULL,
  `doctors_remarks` text NOT NULL,
  `reception_remarks` text NOT NULL,
  `notification` enum('Read','Unread') NOT NULL DEFAULT 'Unread',
  `replied_by_reception` enum('Yes','No') NOT NULL DEFAULT 'No',
  `date` date NOT NULL,
  `time` time NOT NULL,
  `created` datetime NOT NULL,
  `modified` datetime NOT NULL,
  PRIMARY KEY (`id`)
) ENGINE=InnoDB DEFAULT CHARSET=latin1;

INSERT INTO `early_notification_admins` (`id`, `reffered_by`, `parent_id`, `child_id`, `patient_id`, `branch_id`, `doctor_id`, `assigned_doctor_id`, `reception_id`, `group_id`, `subtest_id`, `doctors_remarks`, `reception_remarks`, `notification`, `replied_by_reception`, `date`, `time`, `created`, `modified`) VALUES
(1,	1,	0,	0,	12,	1,	1,	1,	17,	1,	'2',	'set an request',	'Available',	'Read',	'Yes',	'2018-06-05',	'15:54:57',	'2018-06-05 15:54:57',	'2018-06-05 15:54:57'),
(2,	1,	0,	0,	10,	1,	1,	1,	17,	1,	'1',	'set an request',	'Available',	'Read',	'Yes',	'2018-06-05',	'16:55:38',	'2018-06-05 16:55:38',	'2018-06-05 16:55:38'),
(3,	1,	0,	0,	2,	1,	1,	0,	17,	0,	'',	'',	'Test Please',	'Unread',	'No',	'2018-06-09',	'13:21:30',	'2018-06-09 13:21:30',	'0000-00-00 00:00:00'),
(4,	0,	0,	0,	0,	1,	0,	9,	0,	1,	'N/A',	'set an request',	'',	'Unread',	'No',	'2018-06-11',	'12:43:35',	'2018-06-11 12:43:35',	'0000-00-00 00:00:00'),
(5,	0,	0,	0,	0,	1,	0,	9,	0,	1,	'N/A',	'set an request',	'',	'Unread',	'No',	'2018-06-11',	'12:43:35',	'2018-06-11 12:43:35',	'0000-00-00 00:00:00');

DROP TABLE IF EXISTS `inclen_tests_scores`;
CREATE TABLE `inclen_tests_scores` (
  `id` int(11) NOT NULL AUTO_INCREMENT,
  `patient_id` int(11) NOT NULL,
  `inclen_tests_questions_id` int(11) NOT NULL,
  `inclen_test_score` enum('1','0') NOT NULL,
  `parameter_name` varchar(255) NOT NULL,
  `status` enum('Active','Inactive') NOT NULL,
  `created` datetime NOT NULL,
  `modified` datetime NOT NULL,
  PRIMARY KEY (`id`)
) ENGINE=InnoDB DEFAULT CHARSET=latin1;


DROP TABLE IF EXISTS `invoices`;
CREATE TABLE `invoices` (
  `id` int(11) NOT NULL AUTO_INCREMENT,
  `branch_id` int(11) NOT NULL,
  `patient_id` int(11) NOT NULL,
  `appointment_id` int(11) NOT NULL,
  `date` date NOT NULL,
  `total_amount_test` varchar(255) NOT NULL,
  `doctor_id` int(11) NOT NULL,
  `total_amount_medicine` varchar(255) NOT NULL,
  `final_amount` varchar(255) NOT NULL,
  `payment_status` enum('Pending','Paid','Installment') NOT NULL,
  `pdf` varchar(255) NOT NULL,
  `is_medicine_assign` enum('Yes','No') NOT NULL DEFAULT 'No',
  `assigned_medicines` varchar(255) NOT NULL,
  `assigned_medicines_price` varchar(255) NOT NULL,
  `payment_type` varchar(255) NOT NULL,
  `payment_type_amount` varchar(255) NOT NULL,
  `paid_amount` varchar(255) NOT NULL,
  `remaining_amount` varchar(255) NOT NULL,
  `payment_mode` enum('By Cash','By Check') NOT NULL DEFAULT 'By Cash',
  `bank_name` varchar(255) NOT NULL,
  `check_date` date NOT NULL,
  `check_no` varchar(255) NOT NULL,
  `test_invoice_remaining_amount` varchar(255) NOT NULL,
  `status` enum('Active','Inactive') NOT NULL,
  `created` datetime NOT NULL,
  `modified` datetime NOT NULL,
  PRIMARY KEY (`id`)
) ENGINE=InnoDB DEFAULT CHARSET=latin1;

INSERT INTO `invoices` (`id`, `branch_id`, `patient_id`, `appointment_id`, `date`, `total_amount_test`, `doctor_id`, `total_amount_medicine`, `final_amount`, `payment_status`, `pdf`, `is_medicine_assign`, `assigned_medicines`, `assigned_medicines_price`, `payment_type`, `payment_type_amount`, `paid_amount`, `remaining_amount`, `payment_mode`, `bank_name`, `check_date`, `check_no`, `test_invoice_remaining_amount`, `status`, `created`, `modified`) VALUES
(1,	1,	6,	0,	'2018-06-06',	'340',	1,	'',	'',	'Pending',	'',	'No',	'',	'',	'Installment',	'40',	'',	'',	'By Cash',	'',	'0000-00-00',	'',	'300',	'Active',	'2018-06-06 11:32:13',	'2018-06-06 11:32:13'),
(2,	1,	7,	0,	'2018-06-06',	'140',	1,	'',	'',	'Pending',	'',	'No',	'',	'',	'Full',	'140',	'',	'',	'By Check',	'BOI',	'0000-00-00',	'abc123',	'0',	'Active',	'2018-06-06 12:09:09',	'2018-06-06 12:09:09'),
(4,	1,	5,	0,	'2018-06-07',	'110',	9,	'',	'',	'Pending',	'',	'No',	'',	'',	'Installment',	'10',	'',	'',	'By Check',	'Maharashtra',	'2018-06-15',	'454544454',	'100',	'Active',	'2018-06-06 12:11:27',	'2018-06-06 12:11:27'),
(5,	1,	2,	0,	'2018-06-09',	'30',	1,	'',	'',	'Pending',	'',	'No',	'',	'',	'Installment',	'10',	'',	'',	'By Check',	'BOI',	'2018-06-09',	'abc123',	'20',	'Active',	'2018-06-09 11:48:57',	'2018-06-09 11:48:57'),
(6,	1,	7,	0,	'2018-06-09',	'80',	1,	'',	'',	'Pending',	'',	'No',	'',	'',	'Installment',	'40',	'',	'',	'By Check',	'Maharashtra',	'2018-06-09',	'abc123',	'40',	'Active',	'2018-06-09 11:51:33',	'2018-06-09 11:51:33'),
(7,	1,	8,	0,	'2018-06-09',	'330',	9,	'',	'',	'Pending',	'',	'No',	'',	'',	'Installment',	'30',	'',	'',	'By Cash',	'',	'0000-00-00',	'',	'300',	'Active',	'2018-06-09 11:59:36',	'2018-06-09 11:59:36'),
(8,	1,	2,	0,	'2018-06-09',	'390',	1,	'',	'',	'Pending',	'',	'No',	'',	'',	'Installment',	'90',	'',	'',	'By Check',	'Maharashtra',	'2018-06-09',	'abc123',	'300',	'Active',	'2018-06-09 12:03:59',	'2018-06-09 12:03:59'),
(9,	1,	8,	0,	'2018-06-09',	'550',	1,	'',	'',	'Pending',	'',	'No',	'',	'',	'Installment',	'50',	'',	'',	'By Cash',	'',	'0000-00-00',	'',	'500',	'Active',	'2018-06-09 12:05:28',	'2018-06-09 12:05:28'),
(10,	1,	3,	0,	'2018-06-09',	'490',	1,	'',	'',	'Pending',	'',	'No',	'',	'',	'Installment',	'90',	'',	'',	'By Cash',	'',	'0000-00-00',	'',	'400',	'Active',	'2018-06-09 12:12:44',	'2018-06-09 12:12:44'),
(11,	1,	5,	0,	'2018-06-09',	'350',	9,	'',	'',	'Pending',	'',	'No',	'',	'',	'Installment',	'50',	'',	'',	'By Check',	'Maharashtra',	'2018-06-15',	'454544454',	'300',	'Active',	'2018-06-09 12:13:39',	'2018-06-09 12:13:39'),
(12,	0,	2,	0,	'2018-06-09',	'280',	9,	'',	'',	'Pending',	'',	'No',	'',	'',	'Installment',	'80',	'',	'',	'By Cash',	'',	'0000-00-00',	'',	'200',	'Active',	'2018-06-09 12:19:35',	'2018-06-09 12:19:35'),
(13,	0,	2,	0,	'2018-06-15',	'330',	9,	'',	'',	'Pending',	'',	'No',	'',	'',	'Installment',	'30',	'',	'',	'By Check',	'BOI',	'2018-06-09',	'454544454',	'300',	'Active',	'2018-06-09 12:21:06',	'2018-06-09 12:21:06');

DROP TABLE IF EXISTS `invoice_medicine_price`;
CREATE TABLE `invoice_medicine_price` (
  `id` int(11) NOT NULL AUTO_INCREMENT,
  `branch_id` int(11) NOT NULL,
  `invoices_id` int(11) NOT NULL,
  `medicine_id` int(11) NOT NULL,
  `patient_id` int(11) NOT NULL,
  `medicine_quantity` int(11) NOT NULL,
  `medicine_unit_price` int(255) NOT NULL,
  `status` enum('Active','Inactive') NOT NULL,
  `created` datetime NOT NULL,
  `modified` datetime NOT NULL,
  PRIMARY KEY (`id`)
) ENGINE=InnoDB DEFAULT CHARSET=latin1;


DROP TABLE IF EXISTS `invoice_test_price`;
CREATE TABLE `invoice_test_price` (
  `id` int(11) NOT NULL AUTO_INCREMENT,
  `branch_id` int(11) NOT NULL,
  `invoices_id` int(11) NOT NULL,
  `patient_id` int(11) NOT NULL,
  `doctor_id` int(11) NOT NULL,
  `sub_test_id` int(11) NOT NULL,
  `test_unit_price` varchar(255) NOT NULL,
  `status` enum('Active','Inactive') NOT NULL,
  `created` datetime NOT NULL,
  `modified` datetime NOT NULL,
  PRIMARY KEY (`id`)
) ENGINE=InnoDB DEFAULT CHARSET=latin1;

INSERT INTO `invoice_test_price` (`id`, `branch_id`, `invoices_id`, `patient_id`, `doctor_id`, `sub_test_id`, `test_unit_price`, `status`, `created`, `modified`) VALUES
(24,	1,	1,	6,	1,	2,	'              	  20',	'Active',	'2018-06-06 11:32:13',	'2018-06-06 11:32:13'),
(25,	1,	1,	6,	1,	13,	'              	  130',	'Active',	'2018-06-06 11:32:13',	'2018-06-06 11:32:13'),
(26,	1,	1,	6,	1,	19,	'              	  190',	'Active',	'2018-06-06 11:32:13',	'2018-06-06 11:32:13'),
(27,	1,	3,	6,	9,	23,	'              	  230',	'Active',	'2018-06-06 11:48:06',	'2018-06-06 11:48:06'),
(28,	1,	2,	7,	1,	11,	'              	  110',	'Active',	'2018-06-06 12:09:10',	'2018-06-06 12:09:10'),
(29,	1,	2,	7,	1,	3,	'              	  30',	'Active',	'2018-06-06 12:09:10',	'2018-06-06 12:09:10'),
(30,	1,	4,	5,	9,	11,	'              	  110',	'Active',	'2018-06-06 12:11:27',	'2018-06-06 12:11:27'),
(31,	1,	5,	2,	1,	3,	'              	  30',	'Active',	'2018-06-09 11:48:57',	'2018-06-09 11:48:57'),
(32,	1,	6,	7,	1,	8,	'              	  80',	'Active',	'2018-06-09 11:51:33',	'2018-06-09 11:51:33'),
(33,	1,	7,	8,	9,	16,	'              	  160',	'Active',	'2018-06-09 11:59:36',	'2018-06-09 11:59:36'),
(34,	1,	7,	8,	9,	8,	'              	  80',	'Active',	'2018-06-09 11:59:36',	'2018-06-09 11:59:36'),
(35,	1,	7,	8,	9,	8,	'              	  80',	'Active',	'2018-06-09 11:59:36',	'2018-06-09 11:59:36'),
(36,	1,	7,	8,	9,	1,	'              	  10',	'Active',	'2018-06-09 11:59:36',	'2018-06-09 11:59:36'),
(37,	1,	8,	2,	1,	3,	'              	  30',	'Active',	'2018-06-09 12:03:59',	'2018-06-09 12:03:59'),
(38,	1,	8,	2,	1,	9,	'              	  90',	'Active',	'2018-06-09 12:03:59',	'2018-06-09 12:03:59'),
(39,	1,	8,	2,	1,	6,	'              	  60',	'Active',	'2018-06-09 12:03:59',	'2018-06-09 12:03:59'),
(40,	1,	8,	2,	1,	21,	'              	  210',	'Active',	'2018-06-09 12:03:59',	'2018-06-09 12:03:59'),
(41,	1,	9,	8,	1,	29,	'              	  290',	'Active',	'2018-06-09 12:05:28',	'2018-06-09 12:05:28'),
(42,	1,	9,	8,	1,	1,	'              	  10',	'Active',	'2018-06-09 12:05:28',	'2018-06-09 12:05:28'),
(43,	1,	9,	8,	1,	23,	'              	  230',	'Active',	'2018-06-09 12:05:28',	'2018-06-09 12:05:28'),
(44,	1,	9,	8,	1,	2,	'              	  20',	'Active',	'2018-06-09 12:05:28',	'2018-06-09 12:05:28'),
(45,	1,	10,	3,	1,	8,	'              	  80',	'Active',	'2018-06-09 12:12:44',	'2018-06-09 12:12:44'),
(46,	1,	10,	3,	1,	29,	'              	  290',	'Active',	'2018-06-09 12:12:44',	'2018-06-09 12:12:44'),
(47,	1,	10,	3,	1,	12,	'              	  120',	'Active',	'2018-06-09 12:12:44',	'2018-06-09 12:12:44'),
(48,	1,	11,	5,	9,	19,	'              	  190',	'Active',	'2018-06-09 12:13:39',	'2018-06-09 12:13:39'),
(49,	1,	11,	5,	9,	12,	'              	  120',	'Active',	'2018-06-09 12:13:39',	'2018-06-09 12:13:39'),
(50,	1,	11,	5,	9,	4,	'              	  40',	'Active',	'2018-06-09 12:13:39',	'2018-06-09 12:13:39'),
(51,	1,	12,	2,	9,	3,	'              	  30',	'Active',	'2018-06-09 12:19:35',	'2018-06-09 12:19:35'),
(52,	1,	12,	2,	9,	23,	'              	  230',	'Active',	'2018-06-09 12:19:35',	'2018-06-09 12:19:35'),
(53,	1,	12,	2,	9,	2,	'              	  20',	'Active',	'2018-06-09 12:19:35',	'2018-06-09 12:19:35'),
(54,	1,	13,	2,	9,	3,	'              	  30',	'Active',	'2018-06-09 12:21:06',	'2018-06-09 12:21:06'),
(55,	1,	13,	2,	9,	23,	'              	  230',	'Active',	'2018-06-09 12:21:06',	'2018-06-09 12:21:06'),
(56,	1,	13,	2,	9,	7,	'              	  70',	'Active',	'2018-06-09 12:21:06',	'2018-06-09 12:21:06');

DROP TABLE IF EXISTS `issa_tests_score`;
CREATE TABLE `issa_tests_score` (
  `id` int(11) NOT NULL AUTO_INCREMENT,
  `patient_id` int(11) NOT NULL,
  `isaa_tests_question_id` int(11) NOT NULL,
  `isaa_answer_score` enum('1','2','3','4','5') NOT NULL,
  `status` enum('Active','Inactive') NOT NULL,
  `created` datetime NOT NULL,
  `modified` datetime NOT NULL,
  PRIMARY KEY (`id`)
) ENGINE=InnoDB DEFAULT CHARSET=latin1;


DROP TABLE IF EXISTS `mchat_test_scores`;
CREATE TABLE `mchat_test_scores` (
  `id` int(11) NOT NULL AUTO_INCREMENT,
  `mchat_tests_question_id` int(11) NOT NULL,
  `patient_id` int(11) NOT NULL,
  `answer_score` enum('1','0') NOT NULL,
  `status` enum('Active','Inactive') NOT NULL,
  `created` datetime NOT NULL,
  `modified` datetime NOT NULL,
  PRIMARY KEY (`id`)
) ENGINE=InnoDB DEFAULT CHARSET=latin1;


DROP TABLE IF EXISTS `medical_fields_medicine`;
CREATE TABLE `medical_fields_medicine` (
  `id` int(11) NOT NULL AUTO_INCREMENT,
  `medicine_appointment_id` int(11) NOT NULL,
  `branch_id` int(11) NOT NULL,
  `appointment_id` int(11) NOT NULL,
  `patient_id` int(11) NOT NULL,
  `doctor_id` int(11) NOT NULL,
  `medicines` varchar(255) NOT NULL,
  `frequency` varchar(255) NOT NULL,
  `duration` varchar(255) NOT NULL,
  `status` enum('Active','Inactive') NOT NULL DEFAULT 'Active',
  `created` datetime NOT NULL,
  `modified` datetime NOT NULL,
  PRIMARY KEY (`id`)
) ENGINE=InnoDB DEFAULT CHARSET=latin1;

INSERT INTO `medical_fields_medicine` (`id`, `medicine_appointment_id`, `branch_id`, `appointment_id`, `patient_id`, `doctor_id`, `medicines`, `frequency`, `duration`, `status`, `created`, `modified`) VALUES
(1,	1,	1,	8,	1,	1,	'3',	'6',	'6',	'Active',	'2018-06-11 14:45:08',	'0000-00-00 00:00:00'),
(2,	1,	1,	8,	1,	1,	'9',	'7',	'7',	'Active',	'2018-06-11 14:45:08',	'0000-00-00 00:00:00'),
(3,	2,	1,	8,	1,	1,	'5',	'1',	'1',	'Active',	'2018-06-11 14:48:29',	'0000-00-00 00:00:00'),
(4,	2,	1,	8,	1,	1,	'9',	'2',	'1',	'Active',	'2018-06-11 14:48:29',	'0000-00-00 00:00:00');

DROP TABLE IF EXISTS `medicine_appointments`;
CREATE TABLE `medicine_appointments` (
  `id` int(11) NOT NULL AUTO_INCREMENT,
  `branch_id` int(11) NOT NULL,
  `appointment_id` int(11) NOT NULL,
  `patient_id` int(11) NOT NULL,
  `doctor_id` int(11) NOT NULL,
  `improvement_notice` varchar(255) NOT NULL,
  `concerns` varchar(255) NOT NULL,
  `advice` varchar(255) NOT NULL,
  `medicine_pdf` varchar(255) NOT NULL,
  `is_admin_read` enum('Unread','Read') NOT NULL DEFAULT 'Unread',
  `status` enum('Active','Inactive') NOT NULL DEFAULT 'Active',
  `created` datetime NOT NULL,
  `modified` datetime NOT NULL,
  PRIMARY KEY (`id`)
) ENGINE=InnoDB DEFAULT CHARSET=latin1;

INSERT INTO `medicine_appointments` (`id`, `branch_id`, `appointment_id`, `patient_id`, `doctor_id`, `improvement_notice`, `concerns`, `advice`, `medicine_pdf`, `is_admin_read`, `status`, `created`, `modified`) VALUES
(1,	1,	8,	1,	1,	'',	'',	'Advice aaa',	'',	'Unread',	'Active',	'2018-06-11 14:44:55',	'0000-00-00 00:00:00'),
(2,	1,	8,	1,	1,	'',	'',	'q',	'',	'Unread',	'Active',	'2018-06-11 14:48:15',	'0000-00-00 00:00:00');

DROP TABLE IF EXISTS `mst_ages`;
CREATE TABLE `mst_ages` (
  `id` int(11) NOT NULL AUTO_INCREMENT,
  `min_month` int(11) NOT NULL,
  `min_day` int(11) NOT NULL,
  `max_month` int(11) NOT NULL,
  `max_day` int(11) NOT NULL,
  `status` enum('Active','Inactive') NOT NULL,
  `created` datetime NOT NULL,
  `modified` datetime NOT NULL,
  PRIMARY KEY (`id`)
) ENGINE=InnoDB DEFAULT CHARSET=latin1;

INSERT INTO `mst_ages` (`id`, `min_month`, `min_day`, `max_month`, `max_day`, `status`, `created`, `modified`) VALUES
(1,	0,	16,	3,	15,	'Active',	'2018-03-13 14:54:28',	'0000-00-00 00:00:00'),
(2,	3,	16,	6,	15,	'Active',	'2018-03-13 14:57:19',	'0000-00-00 00:00:00'),
(3,	6,	16,	9,	15,	'Active',	'2018-03-13 14:57:37',	'0000-00-00 00:00:00'),
(4,	9,	16,	12,	15,	'Active',	'2018-03-13 14:57:54',	'0000-00-00 00:00:00'),
(5,	12,	16,	18,	15,	'Active',	'2018-03-13 14:58:09',	'0000-00-00 00:00:00'),
(6,	18,	16,	24,	15,	'Active',	'2018-03-13 14:58:25',	'0000-00-00 00:00:00'),
(7,	24,	16,	30,	15,	'Active',	'2018-03-13 14:58:42',	'2018-03-13 02:58:55'),
(8,	30,	16,	36,	15,	'Active',	'2018-03-13 14:59:22',	'0000-00-00 00:00:00'),
(9,	36,	16,	42,	15,	'Active',	'2018-03-13 14:59:36',	'2018-03-13 03:18:21');

DROP TABLE IF EXISTS `mst_antenatal_problems`;
CREATE TABLE `mst_antenatal_problems` (
  `id` int(11) NOT NULL AUTO_INCREMENT,
  `title` varchar(255) NOT NULL,
  `description` varchar(255) NOT NULL,
  `status` enum('Active','Inactive') NOT NULL DEFAULT 'Active',
  `created` datetime NOT NULL,
  `modified` datetime NOT NULL,
  PRIMARY KEY (`id`)
) ENGINE=InnoDB DEFAULT CHARSET=latin1;

INSERT INTO `mst_antenatal_problems` (`id`, `title`, `description`, `status`, `created`, `modified`) VALUES
(1,	'Oligohydramnios',	'Oligohydramnios',	'Active',	'2018-04-04 16:42:55',	'0000-00-00 00:00:00'),
(2,	'GDM',	'GDM',	'Active',	'2018-04-04 16:43:16',	'0000-00-00 00:00:00'),
(4,	'Hypo Thyroidism',	'Hypo Thyroidism',	'Active',	'2018-04-04 16:59:58',	'0000-00-00 00:00:00'),
(5,	'Hypo',	'Hypo',	'Active',	'2018-04-04 17:01:30',	'0000-00-00 00:00:00'),
(6,	'Fetal Anomalies',	'Fetal Anomalies.',	'Active',	'2018-04-11 19:38:21',	'2018-04-11 19:38:21'),
(8,	'PIH',	'PIH',	'Active',	'2018-04-18 18:31:12',	'0000-00-00 00:00:00'),
(9,	'Testing',	'',	'Active',	'2018-05-07 16:44:29',	'0000-00-00 00:00:00'),
(10,	'test',	'',	'Active',	'2018-05-26 14:38:52',	'0000-00-00 00:00:00'),
(11,	'demo',	'',	'Active',	'2018-05-26 14:55:32',	'0000-00-00 00:00:00'),
(12,	'AP ',	'',	'Active',	'2018-05-26 16:10:19',	'0000-00-00 00:00:00'),
(13,	'add',	'',	'Active',	'2018-05-29 19:39:12',	'0000-00-00 00:00:00'),
(14,	'hhh',	'',	'Active',	'2018-05-29 19:42:30',	'0000-00-00 00:00:00'),
(15,	'try',	'',	'Active',	'2018-05-29 19:50:05',	'0000-00-00 00:00:00'),
(16,	'Testr',	'',	'Active',	'2018-05-29 19:52:00',	'0000-00-00 00:00:00'),
(17,	'qqq',	'',	'Active',	'2018-05-29 19:57:03',	'0000-00-00 00:00:00'),
(18,	'tt',	'',	'Active',	'2018-05-29 19:59:21',	'0000-00-00 00:00:00'),
(19,	'undefined',	'',	'Active',	'2018-05-29 20:18:07',	'0000-00-00 00:00:00'),
(20,	'Testsss',	'',	'Active',	'2018-05-29 20:25:24',	'0000-00-00 00:00:00'),
(21,	'uiiiiii',	'',	'Active',	'2018-05-29 20:27:07',	'0000-00-00 00:00:00'),
(22,	'hgjgjgjghj',	'',	'Active',	'2018-05-29 20:29:40',	'0000-00-00 00:00:00'),
(23,	'harsha',	'',	'Active',	'2018-05-29 20:30:02',	'0000-00-00 00:00:00'),
(24,	'klkmno',	'',	'Active',	'2018-05-29 20:33:08',	'0000-00-00 00:00:00'),
(25,	'Lomnop',	'',	'Active',	'2018-05-29 20:35:59',	'0000-00-00 00:00:00'),
(26,	'jjkkk',	'',	'Active',	'2018-05-29 20:38:37',	'0000-00-00 00:00:00'),
(27,	'newtest',	'',	'Active',	'2018-05-30 19:01:04',	'0000-00-00 00:00:00');

DROP TABLE IF EXISTS `mst_branches`;
CREATE TABLE `mst_branches` (
  `id` int(11) NOT NULL AUTO_INCREMENT,
  `city_id` int(11) NOT NULL,
  `area` varchar(255) NOT NULL,
  `branch_code` varchar(255) NOT NULL,
  `status` enum('Active','Inactive') NOT NULL,
  `created` datetime NOT NULL,
  `modified` datetime NOT NULL,
  PRIMARY KEY (`id`)
) ENGINE=InnoDB DEFAULT CHARSET=latin1;

INSERT INTO `mst_branches` (`id`, `city_id`, `area`, `branch_code`, `status`, `created`, `modified`) VALUES
(1,	2,	'laxmi Nagar',	'NGP-LN',	'Active',	'2018-02-12 10:10:02',	'2018-02-12 10:10:02'),
(2,	2,	'reshimbag',	'NGP-RB',	'Active',	'2018-02-12 10:14:24',	'2018-02-12 10:14:24'),
(3,	2,	'Civil Line',	'NGP-CL',	'Active',	'2018-02-20 09:51:59',	'2018-02-20 09:51:59');

DROP TABLE IF EXISTS `mst_complaints`;
CREATE TABLE `mst_complaints` (
  `id` int(11) NOT NULL AUTO_INCREMENT,
  `title` varchar(255) NOT NULL,
  `status` enum('Active','Inactive') NOT NULL,
  `created` datetime NOT NULL,
  `modified` datetime NOT NULL,
  PRIMARY KEY (`id`)
) ENGINE=InnoDB DEFAULT CHARSET=latin1;

INSERT INTO `mst_complaints` (`id`, `title`, `status`, `created`, `modified`) VALUES
(1,	'Hyperactivity',	'Active',	'2018-02-21 13:14:15',	'0000-00-00 00:00:00'),
(2,	'Excessive Talk',	'Active',	'2018-02-21 14:45:59',	'2018-02-21 14:45:59'),
(3,	'Poor Academic Performance (Reading/ Writing/ Maths)',	'Active',	'2018-02-21 13:14:15',	'0000-00-00 00:00:00'),
(4,	'Difficulty To Sit/ Walk Independently',	'Active',	'2018-02-21 13:14:15',	'0000-00-00 00:00:00'),
(5,	'Does Not Mix With Peers ',	'Active',	'2018-02-21 13:14:16',	'0000-00-00 00:00:00'),
(6,	'Does Not Express Empathy/ Echolalia',	'Active',	'2018-02-21 13:14:16',	'0000-00-00 00:00:00'),
(7,	'Night Terror',	'Active',	'2018-02-21 13:14:16',	'0000-00-00 00:00:00'),
(8,	'Delayed Response To Name Call',	'Active',	'2018-02-21 18:55:50',	'2018-02-21 18:55:50'),
(9,	'difficult to sit independently',	'Active',	'2018-03-21 17:10:47',	'0000-00-00 00:00:00'),
(10,	'poor eye contact',	'Active',	'2018-03-21 17:11:24',	'0000-00-00 00:00:00'),
(11,	'eye contact',	'Active',	'2018-03-21 17:11:36',	'0000-00-00 00:00:00'),
(17,	'Restlessness',	'Active',	'2018-04-10 17:24:29',	'2018-04-10 17:24:29'),
(18,	'Inattention',	'Active',	'2018-04-10 17:25:18',	'2018-04-10 17:25:18'),
(20,	'Limited Social Interaction',	'Active',	'2018-04-10 17:26:01',	'2018-04-10 17:26:01'),
(21,	'Temper Tantrums',	'Active',	'2018-04-10 17:26:43',	'2018-04-10 17:26:43'),
(22,	'Oppositional Behavior',	'Active',	'2018-04-10 17:27:04',	'2018-04-10 17:27:04'),
(23,	'Argues',	'Active',	'2018-04-10 17:27:23',	'2018-04-10 17:27:23'),
(24,	'Hits Others',	'Active',	'2018-04-10 17:27:42',	'2018-04-10 17:27:42'),
(25,	'Bedwetting',	'Active',	'2018-04-10 17:29:16',	'2018-04-10 17:29:16'),
(26,	'Stubbornness',	'Active',	'2018-04-10 17:29:34',	'2018-04-10 17:29:34'),
(27,	'Aggressive Behavior',	'Active',	'2018-04-10 17:29:50',	'2018-04-10 17:29:50'),
(28,	'test complaint',	'Active',	'2018-05-26 14:40:35',	'0000-00-00 00:00:00'),
(29,	'demo',	'Active',	'2018-05-26 14:53:19',	'0000-00-00 00:00:00'),
(30,	'add',	'Active',	'2018-05-29 19:39:00',	'0000-00-00 00:00:00'),
(31,	'sadsa',	'Active',	'2018-05-30 20:09:14',	'0000-00-00 00:00:00'),
(32,	'xxx',	'Active',	'2018-05-30 20:09:34',	'0000-00-00 00:00:00'),
(33,	'q',	'Active',	'2018-06-06 17:16:18',	'0000-00-00 00:00:00'),
(34,	'w',	'Active',	'2018-06-06 17:16:18',	'0000-00-00 00:00:00'),
(35,	'e',	'Active',	'2018-06-06 17:16:18',	'0000-00-00 00:00:00');

DROP TABLE IF EXISTS `mst_concerns`;
CREATE TABLE `mst_concerns` (
  `id` int(11) NOT NULL AUTO_INCREMENT,
  `concern_title` varchar(255) NOT NULL,
  `status` enum('Active','Inactive') NOT NULL DEFAULT 'Active',
  `created` datetime NOT NULL,
  `modified` datetime NOT NULL,
  PRIMARY KEY (`id`)
) ENGINE=InnoDB DEFAULT CHARSET=latin1;

INSERT INTO `mst_concerns` (`id`, `concern_title`, `status`, `created`, `modified`) VALUES
(1,	'Temper tantrums',	'Active',	'2018-04-11 17:27:27',	'2018-04-11 17:27:27'),
(2,	'Attention seeking',	'Active',	'2018-04-26 14:20:37',	'2018-04-26 14:20:37'),
(3,	'lk',	'Active',	'2018-06-02 18:07:24',	'0000-00-00 00:00:00'),
(4,	'olk',	'Active',	'2018-06-02 18:07:55',	'0000-00-00 00:00:00'),
(5,	'ghjgj',	'Active',	'2018-06-02 18:09:04',	'0000-00-00 00:00:00'),
(6,	'dd',	'Active',	'2018-06-02 18:12:39',	'0000-00-00 00:00:00'),
(7,	'mmm',	'Active',	'2018-06-02 18:14:49',	'0000-00-00 00:00:00'),
(8,	'hhh',	'Active',	'2018-06-02 18:16:37',	'0000-00-00 00:00:00'),
(9,	'a',	'Active',	'2018-06-11 14:30:37',	'0000-00-00 00:00:00');

DROP TABLE IF EXISTS `mst_dasi_parameters`;
CREATE TABLE `mst_dasi_parameters` (
  `id` int(11) NOT NULL AUTO_INCREMENT,
  `domain_name` varchar(255) NOT NULL,
  `parameter_name` varchar(255) NOT NULL,
  `status` enum('Active','Inactive') NOT NULL,
  `created` datetime NOT NULL,
  `moadified` datetime NOT NULL,
  PRIMARY KEY (`id`)
) ENGINE=InnoDB DEFAULT CHARSET=latin1;

INSERT INTO `mst_dasi_parameters` (`id`, `domain_name`, `parameter_name`, `status`, `created`, `moadified`) VALUES
(1,	'Dasii Motor',	'Neck Control',	'Active',	'2018-03-24 13:11:02',	'0000-00-00 00:00:00'),
(2,	'Dasii Motor',	'Body Control',	'Active',	'2018-03-24 13:11:02',	'0000-00-00 00:00:00'),
(3,	'Dasii Motor',	'Locomotion I',	'Active',	'2018-03-24 13:11:02',	'0000-00-00 00:00:00'),
(4,	'Dasii Motor',	'Locomotion II',	'Active',	'2018-03-24 13:11:02',	'0000-00-00 00:00:00'),
(5,	'Dasii Motor',	'Manipulation',	'Active',	'2018-03-24 13:14:39',	'0000-00-00 00:00:00'),
(6,	'Dasii Mental',	'Visual Cognizance',	'Active',	'2018-03-24 13:24:01',	'0000-00-00 00:00:00'),
(7,	'Dasii Mental',	'Auditory Cognizance',	'Active',	'2018-03-24 13:24:02',	'0000-00-00 00:00:00'),
(8,	'Dasii Mental',	'Reaching And Manipulation And Expolring',	'Active',	'2018-03-24 13:24:02',	'0000-00-00 00:00:00'),
(9,	'Dasii Mental',	'Memory',	'Active',	'2018-03-24 13:24:02',	'0000-00-00 00:00:00'),
(10,	'Dasii Mental',	'Social Interaction And Imitative Behaviour',	'Active',	'2018-03-24 13:24:02',	'0000-00-00 00:00:00'),
(11,	'Dasii Mental',	'Vocalization,Speech And Communication Language',	'Active',	'2018-03-24 13:24:02',	'0000-00-00 00:00:00'),
(12,	'Dasii Mental',	'Vocabulary And Comprenhension Language',	'Active',	'2018-03-24 13:24:02',	'0000-00-00 00:00:00'),
(13,	'Dasii Mental',	'Understanding Relationship',	'Active',	'2018-03-24 13:24:02',	'0000-00-00 00:00:00'),
(14,	'Dasii Mental',	'Differentiation By Use, Shapes And Movements',	'Active',	'2018-03-24 13:24:02',	'0000-00-00 00:00:00'),
(15,	'Dasii Mental',	'Manual Dexterity',	'Active',	'2018-03-24 13:24:03',	'0000-00-00 00:00:00');

DROP TABLE IF EXISTS `mst_dasi_questions`;
CREATE TABLE `mst_dasi_questions` (
  `id` int(11) NOT NULL AUTO_INCREMENT,
  `dasi_parameter_id` int(11) NOT NULL,
  `items_no` varchar(255) NOT NULL,
  `age_placement` varchar(255) NOT NULL,
  `domain_name` varchar(255) NOT NULL,
  `question` varchar(255) NOT NULL,
  `status` enum('Active','Inactive') NOT NULL DEFAULT 'Active',
  `created` datetime NOT NULL,
  `modified` datetime NOT NULL,
  PRIMARY KEY (`id`)
) ENGINE=InnoDB DEFAULT CHARSET=latin1;

INSERT INTO `mst_dasi_questions` (`id`, `dasi_parameter_id`, `items_no`, `age_placement`, `domain_name`, `question`, `status`, `created`, `modified`) VALUES
(1,	1,	'1',	'0.1',	'Dasii Motor',	'Lifts head off when at shoulder',	'Active',	'2018-03-26 11:46:05',	'2018-03-26 11:46:05'),
(2,	1,	'2',	'0.1',	'Dasii Motor',	'Prone- lateral head movements',	'Active',	'2018-03-26 11:46:06',	'2018-03-26 11:46:06'),
(3,	1,	'7',	'0.7',	'Dasii Motor',	'Head erect to vertical',	'Active',	'2018-03-26 11:46:06',	'2018-03-26 11:46:06'),
(4,	1,	'11',	'0.9',	'Dasii Motor',	'Dorsal suspension – lifts head',	'Active',	'2018-03-26 11:46:06',	'2018-03-26 11:46:06'),
(5,	1,	'13',	'1.4',	'Dasii Motor',	'Head erect and steady 30 secs (approx.)',	'Active',	'2018-03-26 11:46:06',	'2018-03-26 11:46:06'),
(6,	1,	'14',	'1.5',	'Dasii Motor',	'Holds head steady',	'Active',	'2018-03-26 11:46:06',	'2018-03-26 11:46:06'),
(7,	1,	'19',	'2.8',	'Dasii Motor',	'Head balanced',	'Active',	'2018-03-26 11:46:06',	'2018-03-26 11:46:06'),
(8,	2,	'4',	'0.3',	'Dasii Motor',	'Postural adjustments of head at shoulder',	'Active',	'2018-03-26 11:58:42',	'2018-03-26 11:58:42'),
(9,	2,	'5',	'0.6',	'Dasii Motor',	'Arms thrust in play',	'Active',	'2018-03-26 11:58:42',	'2018-03-26 11:58:42'),
(10,	2,	'6',	'0.7',	'Dasii Motor',	'Turns from side to back',	'Active',	'2018-03-26 11:58:42',	'2018-03-26 11:58:42'),
(11,	2,	'8',	'0.8',	'Dasii Motor',	' Sits with support',	'Active',	'2018-03-26 11:58:42',	'2018-03-26 11:58:42'),
(12,	2,	'9',	'0.8',	'Dasii Motor',	'Legs thrust in play',	'Active',	'2018-03-26 11:58:42',	'2018-03-26 11:58:42'),
(13,	2,	'12',	'1.1',	'Dasii Motor',	'Prone – elevates self by arms',	'Active',	'2018-03-26 11:58:42',	'2018-03-26 11:58:42'),
(14,	2,	'15',	'1.6',	'Dasii Motor',	'Sits with slight support',	'Active',	'2018-03-26 11:58:42',	'2018-03-26 11:58:42'),
(15,	2,	'18',	'2.6',	'Dasii Motor',	'Turns from back to side',	'Active',	'2018-03-26 11:58:42',	'2018-03-26 11:58:42'),
(16,	2,	'20',	'3.3',	'Dasii Motor',	'Pulls to sitting position',	'Active',	'2018-03-26 11:58:42',	'2018-03-26 11:58:42'),
(17,	2,	'22',	'3.5',	'Dasii Motor',	'Effort to sit',	'Active',	'2018-03-26 11:58:42',	'2018-03-26 11:58:42'),
(18,	2,	'23',	'3.6',	'Dasii Motor',	'Sits alone momentarily',	'Active',	'2018-03-26 11:58:42',	'2018-03-26 11:58:42'),
(19,	2,	'26',	'4.6',	'Dasii Motor',	'Rolls from back to stomach',	'Active',	'2018-03-26 11:58:42',	'2018-03-26 11:58:42'),
(20,	2,	'27',	'4.9',	'Dasii Motor',	'Sits alone 30 secs or more',	'Active',	'2018-03-26 11:58:42',	'2018-03-26 11:58:42'),
(21,	2,	'29',	'5.2',	'Dasii Motor',	'Pulls to standing position',	'Active',	'2018-03-26 11:58:42',	'2018-03-26 11:58:42'),
(22,	2,	'30',	'5.6',	'Dasii Motor',	'Sits alone steady',	'Active',	'2018-03-26 11:58:42',	'2018-03-26 11:58:42'),
(23,	2,	'31',	'5.7',	'Dasii Motor',	'Sits alone good co-ordination',	'Active',	'2018-03-26 11:58:42',	'2018-03-26 11:58:42'),
(24,	2,	'37',	'6.9',	'Dasii Motor',	'Raises self to sitting',	'Active',	'2018-03-26 11:58:42',	'2018-03-26 11:58:42'),
(25,	2,	'39',	'7.9',	'Dasii Motor',	'Stands up by furniture',	'Active',	'2018-03-26 11:58:42',	'2018-03-26 11:58:42'),
(26,	2,	'44',	'9.3',	'Dasii Motor',	'Sits down',	'Active',	'2018-03-26 11:58:42',	'2018-03-26 11:58:42'),
(27,	2,	'45',	'10.1',	'Dasii Motor',	'Stands alone for a few moments',	'Active',	'2018-03-26 11:58:43',	'2018-03-26 11:58:43'),
(28,	2,	'46',	'11.1',	'Dasii Motor',	' Stands up from supine position through rolling on stomach and on hands',	'Active',	'2018-03-26 11:58:43',	'2018-03-26 11:58:43'),
(29,	2,	'56',	'19.2',	'Dasii Motor',	'From supine to erect through sideways turn',	'Active',	'2018-03-26 11:58:43',	'2018-03-26 11:58:43'),
(30,	2,	'67',	'27.7',	'Dasii Motor',	'Supine to erect – without turning',	'Active',	'2018-03-26 11:58:43',	'2018-03-26 11:58:43'),
(31,	3,	'3',	'0.1',	'Dasii Motor',	'Prone- crawling movements',	'Active',	'2018-03-26 12:11:38',	'2018-03-26 12:11:38'),
(32,	3,	'33',	'5.7',	'Dasii Motor',	'Early stepping movements',	'Active',	'2018-03-26 12:11:38',	'2018-03-26 12:11:38'),
(33,	3,	'34',	'5.7',	'Dasii Motor',	'Pre- walking',	'Active',	'2018-03-26 12:11:38',	'2018-03-26 12:11:38'),
(34,	3,	'38',	'7.5',	'Dasii Motor',	'Stepping movements',	'Active',	'2018-03-26 12:11:38',	'2018-03-26 12:11:38'),
(35,	3,	'42',	'8.5',	'Dasii Motor',	'Walks with help',	'Active',	'2018-03-26 12:11:38',	'2018-03-26 12:11:38'),
(36,	3,	'48',	'12.0',	'Dasii Motor',	'Walks alone a few steps',	'Active',	'2018-03-26 12:11:38',	'2018-03-26 12:11:38'),
(37,	3,	'49',	'13.3',	'Dasii Motor',	'Walks sideways',	'Active',	'2018-03-26 12:11:38',	'2018-03-26 12:11:38'),
(38,	3,	'50',	'13.5',	'Dasii Motor',	'Walks backwards',	'Active',	'2018-03-26 12:11:38',	'2018-03-26 12:11:38'),
(39,	3,	'53',	'14.8',	'Dasii Motor',	'Climbs up steps with help',	'Active',	'2018-03-26 12:11:38',	'2018-03-26 12:11:38'),
(40,	3,	'54',	'16.6',	'Dasii Motor',	'Climbs down steps with help',	'Active',	'2018-03-26 12:11:39',	'2018-03-26 12:11:39'),
(41,	4,	'51',	'13.9',	'Dasii Motor',	'Stands on right foot with help',	'Active',	'2018-03-26 12:17:01',	'2018-03-26 12:17:01'),
(42,	4,	'52',	'13.9',	'Dasii Motor',	'Stands on left foot with help',	'Active',	'2018-03-26 12:17:01',	'2018-03-26 12:17:01'),
(43,	4,	'55',	'19.2',	'Dasii Motor',	' Tries to stand on walking board',	'Active',	'2018-03-26 12:17:01',	'2018-03-26 12:17:01'),
(44,	4,	'57',	'22.1',	'Dasii Motor',	'Climbs down alone- one step at a time',	'Active',	'2018-03-26 12:17:01',	'2018-03-26 12:17:01'),
(45,	4,	'58',	'22.2',	'Dasii Motor',	'Walks on line- 10 feet general direction',	'Active',	'2018-03-26 12:17:01',	'2018-03-26 12:17:01'),
(46,	4,	'59',	'22.9',	'Dasii Motor',	'Climbs up -alone step by step',	'Active',	'2018-03-26 12:17:01',	'2018-03-26 12:17:01'),
(47,	4,	'60',	'23.5',	'Dasii Motor',	'Walks the board with one foot on, the other on floor',	'Active',	'2018-03-26 12:17:02',	'2018-03-26 12:17:02'),
(48,	4,	'61',	'24.7',	'Dasii Motor',	'Stands on left foot alone',	'Active',	'2018-03-26 12:17:02',	'2018-03-26 12:17:02'),
(49,	4,	'62',	'24.7',	'Dasii Motor',	'Stands on left foot alone',	'Active',	'2018-03-26 12:17:02',	'2018-03-26 12:17:02'),
(50,	4,	'63',	'25.7',	'Dasii Motor',	' Jumps off floor- both feet together',	'Active',	'2018-03-26 12:17:02',	'2018-03-26 12:17:02'),
(51,	4,	'34',	'5.7',	'Dasii Motor',	'Pre- walking',	'Active',	'2018-03-26 12:17:02',	'2018-03-26 12:17:02'),
(52,	4,	'65',	'27.4',	'Dasii Motor',	'Walks on tip-toe, 4-5 steps',	'Active',	'2018-03-26 12:17:02',	'2018-03-26 12:17:02'),
(53,	4,	'66',	'27.7',	'Dasii Motor',	'Jumps off from chair – both feet together (Ht 10”)',	'Active',	'2018-03-26 12:17:02',	'2018-03-26 12:17:02'),
(54,	5,	'10',	'10.9',	'Dasii Motor',	'Retains red ring',	'Active',	'2018-03-26 12:24:37',	'2018-03-26 12:24:37'),
(55,	5,	'16',	'2.0',	'Dasii Motor',	'Hands predominantly open',	'Active',	'2018-03-26 12:24:37',	'2018-03-26 12:24:37'),
(56,	5,	'17',	'2.2',	'Dasii Motor',	'Cube hold- ulnar palmer',	'Active',	'2018-03-26 12:24:37',	'2018-03-26 12:24:37'),
(57,	5,	'21',	'3.4',	'Dasii Motor',	'Partial thumb- opposition , cube hold (radial- palmer)',	'Active',	'2018-03-26 12:24:37',	'2018-03-26 12:24:37'),
(58,	5,	'24',	'4.1',	'Dasii Motor',	'Rotates wrist',	'Active',	'2018-03-26 12:24:37',	'2018-03-26 12:24:37'),
(59,	5,	'25',	'4.2',	'Dasii Motor',	'Unilateral reaching',	'Active',	'2018-03-26 12:24:37',	'2018-03-26 12:24:37'),
(60,	5,	'28',	'4.9',	'Dasii Motor',	'Attempts to secure pellet',	'Active',	'2018-03-26 12:24:37',	'2018-03-26 12:24:37'),
(61,	5,	'32',	'5.7',	'Dasii Motor',	'Cube –hold complete thumb- Apposition (Radial digital)',	'Active',	'2018-03-26 12:24:37',	'2018-03-26 12:24:37'),
(62,	5,	'35',	'6.4',	'Dasii Motor',	'Scoops pellet',	'Active',	'2018-03-26 12:24:37',	'2018-03-26 12:24:37'),
(63,	5,	'36',	'6.6',	'Dasii Motor',	'Partial finger prehension pellet (tries)',	'Active',	'2018-03-26 12:24:37',	'2018-03-26 12:24:37'),
(64,	5,	'40',	'8.3',	'Dasii Motor',	'Fine- Prehension- Pellet (precise)',	'Active',	'2018-03-26 12:24:37',	'2018-03-26 12:24:37'),
(65,	5,	'41',	'8.5',	'Dasii Motor',	'Strikes cubes or spoons in midline',	'Active',	'2018-03-26 12:24:37',	'2018-03-26 12:24:37'),
(66,	5,	'43',	'8.7',	'Dasii Motor',	' Pat-a-cake- Mid-line-skill',	'Active',	'2018-03-26 12:24:37',	'2018-03-26 12:24:37'),
(67,	5,	'47',	'11.6',	'Dasii Motor',	'Throws a ball directed',	'Active',	'2018-03-26 15:47:36',	'2018-03-26 15:47:36'),
(68,	6,	'2',	'0.1',	'Dasii Mental',	'Momentary regard of Red Ring',	'Active',	'2018-03-27 17:16:49',	'2018-03-27 17:16:49'),
(69,	6,	'7',	'0.2',	'Dasii Mental',	'Regards a person momentarily (count3)',	'Active',	'2018-03-27 17:16:49',	'2018-03-27 17:16:49'),
(70,	6,	'8',	'0.6',	'Dasii Mental',	'Horizontal eye co-ordination (Red Ring)',	'Active',	'2018-03-27 17:16:49',	'2018-03-27 17:16:49'),
(71,	6,	'9',	'0.6',	'Dasii Mental',	'Circular eye co-ordination (Red Ring)',	'Active',	'2018-03-27 17:16:49',	'2018-03-27 17:16:49'),
(72,	6,	'10',	'0.7',	'Dasii Mental',	'Follows moving person',	'Active',	'2018-03-27 17:16:50',	'2018-03-27 17:16:50'),
(73,	6,	'11',	'0.7',	'Dasii Mental',	'Horizontal eye co-ordination-Red light (Torch)',	'Active',	'2018-03-27 17:16:50',	'2018-03-27 17:16:50'),
(74,	6,	'12',	'0.7',	'Dasii Mental',	'Vertical eye co-ordination-Red light (Torch)',	'Active',	'2018-03-27 17:16:50',	'2018-03-27 17:16:50'),
(75,	6,	'13',	'0.7',	'Dasii Mental',	'Vertical eye co-ordination-Red light ',	'Active',	'2018-03-27 17:16:50',	'2018-03-27 17:16:50'),
(76,	6,	'14',	'0.8',	'Dasii Mental',	'Prolonged reagard of Red-ring',	'Active',	'2018-03-27 17:16:50',	'2018-03-27 17:16:50'),
(77,	6,	'16',	'0.8',	'Dasii Mental',	'Free inspection of surroundings',	'Active',	'2018-03-27 17:16:50',	'2018-03-27 17:16:50'),
(78,	6,	'17',	'1.0',	'Dasii Mental',	'Circular eye co-ordination-Red light (Torch)',	'Active',	'2018-03-27 17:16:50',	'2018-03-27 17:16:50'),
(79,	6,	'18',	'1.4',	'Dasii Mental',	'Turns eyes to Red-ring',	'Active',	'2018-03-27 17:16:50',	'2018-03-27 17:16:50'),
(80,	6,	'22',	'1.6',	'Dasii Mental',	'Reacts to paper on face',	'Active',	'2018-03-27 17:16:50',	'2018-03-27 17:16:50'),
(81,	6,	'25',	'1.6',	'Dasii Mental',	'Turns eyes to light',	'Active',	'2018-03-27 17:16:50',	'2018-03-27 17:16:50'),
(82,	6,	'31',	'2.3',	'Dasii Mental',	'Blinks at shadow of hand',	'Active',	'2018-03-27 17:16:50',	'2018-03-27 17:16:50'),
(83,	6,	'32',	'2.3',	'Dasii Mental',	'Eyes follow pencil (Yellow)',	'Active',	'2018-03-27 17:16:50',	'2018-03-27 17:16:50'),
(84,	6,	'33',	'2.5',	'Dasii Mental',	'Regards cube (Red)',	'Active',	'2018-03-27 17:16:50',	'2018-03-27 17:16:50'),
(85,	6,	'38',	'2.7',	'Dasii Mental',	'Follows vanishing spoon',	'Active',	'2018-03-27 17:16:50',	'2018-03-27 17:16:50'),
(86,	6,	'40',	'2.7',	'Dasii Mental',	'Eyes follows balls across table',	'Active',	'2018-03-27 17:16:50',	'2018-03-27 17:16:50'),
(87,	6,	'44',	'2.96',	'Dasii Mental',	'Follows vanishing Dangling  Red ring',	'Active',	'2018-03-27 17:16:50',	'2018-03-27 17:16:50'),
(88,	6,	'47',	'3.3',	'Dasii Mental',	'Inspects own hands',	'Active',	'2018-03-27 17:16:50',	'2018-03-27 17:16:50'),
(89,	6,	'54',	'4.0',	'Dasii Mental',	'Regards Pellet',	'Active',	'2018-03-27 17:16:50',	'2018-03-27 17:16:50'),
(90,	6,	'60',	'4.4',	'Dasii Mental',	'Sustained inspection of Red-ring',	'Active',	'2018-03-27 17:16:50',	'2018-03-27 17:16:50'),
(91,	6,	'84',	'6.7',	'Dasii Mental',	'Attends to scribbling',	'Active',	'2018-03-27 17:16:50',	'2018-03-27 17:16:50'),
(92,	6,	'90',	'8.8',	'Dasii Mental',	'Looks at pictures in Book',	'Active',	'2018-03-27 17:16:50',	'2018-03-27 17:16:50'),
(93,	7,	'1',	'0.1',	'Dasii Mental',	'Responds to sound of Bell',	'Active',	'2018-03-27 17:27:43',	'2018-03-27 17:27:43'),
(94,	7,	'4',	'0.1',	'Dasii Mental',	'Responds to sound of rattle',	'Active',	'2018-03-27 17:27:43',	'2018-03-27 17:27:43'),
(95,	7,	'5',	'0.1',	'Dasii Mental',	'Responds to Voice',	'Active',	'2018-03-27 17:27:43',	'2018-03-27 17:27:43'),
(96,	7,	'6',	'0.1',	'Dasii Mental',	'Responds to sound pof light Switch',	'Active',	'2018-03-27 17:27:43',	'2018-03-27 17:27:43'),
(97,	7,	'22',	'1.6',	'Dasii Mental',	'Reacts to paper on face',	'Active',	'2018-03-27 17:27:43',	'2018-03-27 17:27:43'),
(98,	7,	'45',	'3.2',	'Dasii Mental',	'Turns head to sound of Bell',	'Active',	'2018-03-27 17:27:43',	'2018-03-27 17:27:43'),
(99,	7,	'46',	'3.2',	'Dasii Mental',	'Turns head to sound of rattle',	'Active',	'2018-03-27 17:27:43',	'2018-03-27 17:27:43'),
(100,	8,	'34',	'2.5',	'Dasii Mental',	'Glances from one objects to anohter',	'Active',	'2018-03-27 19:10:06',	'2018-03-27 19:10:06'),
(101,	8,	'35',	'2.7',	'Dasii Mental',	'Manipulates Red-ring',	'Active',	'2018-03-27 19:10:06',	'2018-03-27 19:10:06'),
(102,	8,	'36',	'2.7',	'Dasii Mental',	'Reaches for dangling ring',	'Active',	'2018-03-27 19:10:06',	'2018-03-27 19:10:06'),
(103,	8,	'37',	'2.7',	'Dasii Mental',	'Simple play with rattle',	'Active',	'2018-03-27 19:10:06',	'2018-03-27 19:10:06'),
(104,	8,	'41',	'2.8',	'Dasii Mental',	'Fingers hands in play',	'Active',	'2018-03-27 19:10:06',	'2018-03-27 19:10:06'),
(105,	8,	'42',	'2.8',	'Dasii Mental',	'Manipulates table edges slightly',	'Active',	'2018-03-27 19:10:06',	'2018-03-27 19:10:06'),
(106,	8,	'43',	'2.9',	'Dasii Mental',	'Carries Red ring to mouth',	'Active',	'2018-03-27 19:10:06',	'2018-03-27 19:10:06'),
(107,	8,	'49',	'3.3',	'Dasii Mental',	'Acttive table edge manipulation',	'Active',	'2018-03-27 19:10:06',	'2018-03-27 19:10:06'),
(108,	8,	'50',	'3.5',	'Dasii Mental',	'Closes of dangling Red-ring',	'Active',	'2018-03-27 19:10:06',	'2018-03-27 19:10:06'),
(109,	8,	'51',	'3.6',	'Dasii Mental',	'Reaches for cube',	'Active',	'2018-03-27 19:10:06',	'2018-03-27 19:10:06'),
(110,	8,	'53',	'4.0',	'Dasii Mental',	'Exploratory paper play',	'Active',	'2018-03-27 19:10:06',	'2018-03-27 19:10:06'),
(111,	8,	'55',	'4.0',	'Dasii Mental',	'Retains two cubes',	'Active',	'2018-03-27 19:10:06',	'2018-03-27 19:10:06'),
(112,	8,	'56',	'4.1',	'Dasii Mental',	'Eye co-operation in reaching',	'Active',	'2018-03-27 19:10:06',	'2018-03-27 19:10:06'),
(113,	8,	'59',	'4.4',	'Dasii Mental',	'Picks up cubes',	'Active',	'2018-03-27 19:10:06',	'2018-03-27 19:10:06'),
(114,	8,	'63',	'4.7',	'Dasii Mental',	'Lifts cup',	'Active',	'2018-03-27 19:10:06',	'2018-03-27 19:10:06'),
(115,	8,	'64',	'4.8',	'Dasii Mental',	'Reaches persistently',	'Active',	'2018-03-27 19:10:06',	'2018-03-27 19:10:06'),
(116,	8,	'66',	'5.1',	'Dasii Mental',	'Reaches for second cube',	'Active',	'2018-03-27 19:10:06',	'2018-03-27 19:10:06'),
(117,	8,	'67',	'5.1',	'Dasii Mental',	'Exploratory string play',	'Active',	'2018-03-27 19:10:06',	'2018-03-27 19:10:06'),
(118,	8,	'68',	'5.3',	'Dasii Mental',	'Bangs in play',	'Active',	'2018-03-27 19:10:06',	'2018-03-27 19:10:06'),
(119,	8,	'69',	'5.3',	'Dasii Mental',	'Intrest in sound production',	'Active',	'2018-03-27 19:10:06',	'2018-03-27 19:10:06'),
(120,	8,	'70',	'5.4',	'Dasii Mental',	'Transfers object hand to hand',	'Active',	'2018-03-27 19:10:06',	'2018-03-27 19:10:06'),
(121,	8,	'71',	'5.6',	'Dasii Mental',	'Picks up cube deaftly and directly',	'Active',	'2018-03-27 19:10:06',	'2018-03-27 19:10:06'),
(122,	8,	'72',	'5.6',	'Dasii Mental',	'Lifts cup by handle',	'Active',	'2018-03-27 19:10:06',	'2018-03-27 19:10:06'),
(123,	8,	'73',	'5.6',	'Dasii Mental',	'Pulls string and secures Red ring',	'Active',	'2018-03-27 19:10:06',	'2018-03-27 19:10:06'),
(124,	8,	'75',	'5.7',	'Dasii Mental',	'Retains two of Three cubes offered',	'Active',	'2018-03-27 19:10:06',	'2018-03-27 19:10:06'),
(125,	8,	'77',	'5.9',	'Dasii Mental',	'Attempts to secure 3 cubes',	'Active',	'2018-03-27 19:10:06',	'2018-03-27 19:10:06'),
(126,	8,	'79',	'6.2',	'Dasii Mental',	'Manipulates bell- interest in details',	'Active',	'2018-03-27 19:10:06',	'2018-03-27 19:10:06'),
(127,	8,	'89',	'8.7',	'Dasii Mental',	'Fingers holes in pegf-board',	'Active',	'2018-03-27 19:19:41',	'2018-03-27 19:19:41'),
(128,	8,	'98',	'10.4',	'Dasii Mental',	'Turns pages of book',	'Active',	'2018-03-27 19:19:42',	'2018-03-27 19:19:42'),
(129,	8,	'105',	'11.4',	'Dasii Mental',	'Uncover Square-box',	'Active',	'2018-03-27 19:19:42',	'2018-03-27 19:19:42'),
(130,	8,	'108',	'11.8',	'Dasii Mental',	'Places one peg repeatedly',	'Active',	'2018-03-27 19:19:42',	'2018-03-27 19:19:42'),
(131,	8,	'112',	'13.2',	'Dasii Mental',	'Builds tower of 2 cubes',	'Active',	'2018-03-27 19:19:42',	'2018-03-27 19:19:42'),
(132,	8,	'113',	'13.5',	'Dasii Mental',	'Closes round box',	'Active',	'2018-03-27 19:19:42',	'2018-03-27 19:19:42'),
(133,	8,	'119',	'15.1',	'Dasii Mental',	'Builds tower of 3 cubes',	'Active',	'2018-03-27 19:19:42',	'2018-03-27 19:19:42'),
(134,	8,	'142',	'22.3',	'Dasii Mental',	'Builds tower of 5 cubes',	'Active',	'2018-03-27 19:19:42',	'2018-03-27 19:19:42'),
(135,	8,	'162',	'27.2',	'Dasii Mental',	'Builds tower of 8 cubes',	'Active',	'2018-03-27 19:19:42',	'2018-03-27 19:19:42');

DROP TABLE IF EXISTS `mst_dcdq_tests`;
CREATE TABLE `mst_dcdq_tests` (
  `id` int(11) NOT NULL AUTO_INCREMENT,
  `questions` varchar(255) NOT NULL,
  `status` enum('Active','Inactive') NOT NULL,
  `created` datetime NOT NULL,
  `modified` datetime NOT NULL,
  PRIMARY KEY (`id`)
) ENGINE=InnoDB DEFAULT CHARSET=latin1;

INSERT INTO `mst_dcdq_tests` (`id`, `questions`, `status`, `created`, `modified`) VALUES
(1,	'Your child throws a ball in a controlled and accurate fashion?',	'Active',	'2018-04-18 17:13:00',	'2018-04-18 17:13:00'),
(2,	'Your child catches a small ball (e.g., tennis ball size) thrown from a distance of 6 to 8 feet (1.8 to 2.4 meters)?',	'Active',	'2018-04-18 17:13:00',	'2018-04-18 17:13:00'),
(3,	'Your child hits an approaching ball or birdie with a bat or racquet accurately?',	'Active',	'2018-04-18 17:13:00',	'2018-04-18 17:13:00'),
(4,	'Your child jumps easily over obstacles found in garden or play environment?',	'Active',	'2018-04-18 17:13:00',	'2018-04-18 17:13:00'),
(5,	'Your child runs as fast and in a similar way to other children of the same gender and age?',	'Active',	'2018-04-18 17:13:00',	'2018-04-18 17:13:00'),
(6,	'If your child has a plan to do a motor activity, he/she can organize his/her body to follow the plan and effectively complete the task (e.g., building a cardboard or cushion \"fort,\" moving on playground equipment, building a house or a structure with bloc',	'Active',	'2018-04-19 19:21:36',	'2018-04-19 19:21:36'),
(7,	'Your child’s printing or writing or drawing in class is fast enough to keep up with the rest of the children in the class?',	'Active',	'2018-04-18 17:13:00',	'2018-04-18 17:13:00'),
(8,	'Your child’s printing or writing letters, numbers and words is legible, precise and accurate or, if your child is not yet printing, he or she colors and draws in a coordinated way and makes pictures that you can recognize?',	'Active',	'2018-04-18 17:13:00',	'2018-04-18 17:13:00'),
(9,	'Your child uses appropriate effort or tension when printing or writing or drawing (no excessive pressure or tightness of grasp on the pencil, writing is not too heavy or dark, or too light)?',	'Active',	'2018-04-18 17:13:00',	'2018-04-18 17:13:00'),
(10,	'Your child cuts out pictures and shapes accurately and easily?',	'Active',	'2018-04-18 17:13:12',	'2018-04-18 17:13:12'),
(11,	'Your child is interested in and likes participating in sports or active games requiring good motor skills?',	'Active',	'2018-04-18 17:14:11',	'2018-04-18 17:14:11'),
(12,	'Your child learns new motor tasks (e.g., swimming, rollerblading) easily and does not require more practice or time than other children to achieve the same level of skill?',	'Active',	'2018-04-18 17:14:11',	'2018-04-18 17:14:11'),
(13,	'Your child is quick and competent in tidying up, putting on shoes, tying shoes, dressing, etc?',	'Active',	'2018-04-18 17:14:11',	'2018-04-18 17:14:11'),
(14,	'Your child would never be described as a “bull in a china shop” (that is, appears so clumsy that he or she might break fragile things in a small room)?',	'Active',	'2018-04-18 17:14:11',	'2018-04-18 17:14:11'),
(15,	'Your child does not fatigue easily or appear to slouch and “fall out” of the chair if required to sit for long periods?',	'Active',	'2018-06-02 13:31:03',	'2018-06-02 13:31:03');

DROP TABLE IF EXISTS `mst_diagnosis`;
CREATE TABLE `mst_diagnosis` (
  `id` int(11) NOT NULL AUTO_INCREMENT,
  `title` varchar(255) NOT NULL,
  `description` varchar(255) NOT NULL,
  `status` enum('Active','Inacctive') NOT NULL,
  `created` datetime NOT NULL,
  `modified` datetime NOT NULL,
  PRIMARY KEY (`id`)
) ENGINE=InnoDB DEFAULT CHARSET=latin1;

INSERT INTO `mst_diagnosis` (`id`, `title`, `description`, `status`, `created`, `modified`) VALUES
(1,	'symptoms',	'Lorem Ipsum is simply dummy text of the printing and typesetting industry. Lorem Ipsum has been the industry\'s standard dummy text ever since the 1500s, when an unknown printer took a galley of type and scrambled it to make a type specimen book. It has su',	'Active',	'2018-02-20 19:17:11',	'2018-02-20 07:17:51'),
(2,	'Signs',	'If you are going to use a passage of Lorem Ipsum, you need to be sure there isn\'t anything embarrassing hidden in the middle of text. All the Lorem Ipsum generators on the Internet tend to repeat predefined chunks as necessary',	'Active',	'2018-02-20 19:17:11',	'2018-02-20 07:19:15'),
(3,	'tests',	'The standard chunk of Lorem Ipsum used since the 1500s is reproduced below for those interested. Sections 1.10.32 and 1.10.33 from \"de Finibus Bonorum et',	'Active',	'2018-02-21 18:33:00',	'0000-00-00 00:00:00'),
(4,	'demos',	'There are many variations of passages of Lorem Ipsum available, but the majority have suffered alteration in some form, by injected humour, or randomised words which don\'t look even slightly believable.',	'Active',	'2018-04-23 14:41:04',	'0000-00-00 00:00:00'),
(5,	'Pantry Manager Login',	'Pantry Manager Login',	'Active',	'2018-04-27 10:28:04',	'0000-00-00 00:00:00'),
(6,	'Track historyaa',	'',	'Active',	'2018-04-27 10:28:04',	'0000-00-00 00:00:00'),
(8,	'a',	'',	'Active',	'2018-05-07 17:05:01',	'0000-00-00 00:00:00');

DROP TABLE IF EXISTS `mst_domain_names`;
CREATE TABLE `mst_domain_names` (
  `id` int(11) NOT NULL AUTO_INCREMENT,
  `domain_name` varchar(255) NOT NULL,
  `status` enum('Active','Inactive') NOT NULL,
  `created` datetime NOT NULL,
  `modified` datetime NOT NULL,
  PRIMARY KEY (`id`)
) ENGINE=InnoDB DEFAULT CHARSET=latin1;

INSERT INTO `mst_domain_names` (`id`, `domain_name`, `status`, `created`, `modified`) VALUES
(1,	'Cognitive',	'Active',	'2018-03-12 12:18:44',	'0000-00-00 00:00:00'),
(2,	'Receptive Communication',	'Active',	'2018-03-12 12:19:11',	'0000-00-00 00:00:00'),
(3,	'Expressive Communication',	'Active',	'2018-03-12 12:19:29',	'0000-00-00 00:00:00'),
(4,	'Fine Motor',	'Active',	'2018-03-12 12:19:49',	'0000-00-00 00:00:00'),
(5,	'Gross Motor',	'Active',	'2018-03-12 12:20:07',	'0000-00-00 00:00:00');

DROP TABLE IF EXISTS `mst_groups`;
CREATE TABLE `mst_groups` (
  `id` int(11) NOT NULL AUTO_INCREMENT,
  `title` varchar(255) NOT NULL,
  `short_code` varchar(255) NOT NULL,
  `created` datetime NOT NULL,
  `modified` datetime NOT NULL,
  PRIMARY KEY (`id`)
) ENGINE=InnoDB DEFAULT CHARSET=latin1;

INSERT INTO `mst_groups` (`id`, `title`, `short_code`, `created`, `modified`) VALUES
(1,	'Development',	'DP-001',	'2018-02-21 17:02:22',	'2018-02-21 17:02:22'),
(2,	'Behaviour',	'BV-002',	'2018-02-21 17:08:09',	'2018-02-21 17:08:09'),
(3,	'Academics',	'AD-003',	'2018-02-21 17:03:06',	'2018-02-21 17:03:06'),
(4,	'Educational',	'EC-004',	'2018-02-21 17:09:21',	'2018-02-21 17:09:21'),
(5,	'Therapy',	'TH-005',	'2018-02-21 17:09:21',	'2018-02-21 17:09:21');

DROP TABLE IF EXISTS `mst_improvement_notice`;
CREATE TABLE `mst_improvement_notice` (
  `id` int(11) NOT NULL AUTO_INCREMENT,
  `improvement_title` varchar(255) NOT NULL,
  `status` enum('Active','Inactive') NOT NULL DEFAULT 'Active',
  `created` datetime NOT NULL,
  `modified` datetime NOT NULL,
  PRIMARY KEY (`id`)
) ENGINE=InnoDB DEFAULT CHARSET=latin1;

INSERT INTO `mst_improvement_notice` (`id`, `improvement_title`, `status`, `created`, `modified`) VALUES
(1,	'Improved communication and social interaction',	'Active',	'2018-04-07 14:33:11',	'2018-04-07 14:33:11'),
(2,	'Displays Improved Attention span and motivation for studies',	'Active',	'2018-04-07 14:33:11',	'2018-04-07 14:33:11'),
(3,	'Improved level of understanding',	'Active',	'2018-04-26 14:20:23',	'2018-04-26 14:20:23'),
(4,	'aa',	'Active',	'2018-06-02 17:43:02',	'0000-00-00 00:00:00'),
(5,	'kk',	'Active',	'2018-06-02 17:46:29',	'0000-00-00 00:00:00'),
(6,	'll',	'Active',	'2018-06-02 17:53:25',	'0000-00-00 00:00:00'),
(7,	'a',	'Active',	'2018-06-11 14:30:22',	'0000-00-00 00:00:00');

DROP TABLE IF EXISTS `mst_inclen_tests`;
CREATE TABLE `mst_inclen_tests` (
  `id` int(11) NOT NULL AUTO_INCREMENT,
  `questions` varchar(255) NOT NULL,
  `parameter_name` varchar(255) NOT NULL,
  `divison` varchar(100) NOT NULL,
  `question_no` varchar(100) NOT NULL,
  `status` enum('Active','Inactive') NOT NULL,
  `created` datetime NOT NULL,
  `modified` datetime NOT NULL,
  PRIMARY KEY (`id`)
) ENGINE=InnoDB DEFAULT CHARSET=latin1;

INSERT INTO `mst_inclen_tests` (`id`, `questions`, `parameter_name`, `divison`, `question_no`, `status`, `created`, `modified`) VALUES
(1,	'For children aged less than 4 years: Does your child usually enjoy being taken in the lap or hugged? OR  For children aged 4 years or more: When your child was a baby/toddler, did he/she enjoy being taken in the lap or hugged..?',	'Social Interaction',	'A1a',	'i )',	'Active',	'2018-04-24 12:03:42',	'2018-04-24 12:03:42'),
(2,	'Does your child usually make eye contact with you or other people? E.g. While playing, asking for things, talking to you.',	'Social Interaction',	'A1a',	'ii )',	'Active',	'2018-04-24 12:05:43',	'2018-04-24 12:05:43'),
(3,	'Does your child usually use various gestures appropriately during social interactions? E.g. Namaste, Salaam, waving bye-bye, hello, touching feet etc.',	'Social Interaction',	'A1a',	'iii )',	'Active',	'2018-04-24 12:07:30',	'2018-04-24 12:07:30'),
(4,	' Does your child usually show appropriate facial expressions according to the situation? E.g. being happy, sad, afraid etc.',	'Social Interaction',	'A1a',	'iv )',	'Active',	'2018-04-24 12:08:48',	'2018-04-24 12:08:48'),
(5,	'Does your child usually enjoy the company of other children?',	'Social Interaction',	'A1b',	'i )',	'Active',	'2018-04-24 12:12:23',	'2018-04-24 12:12:23'),
(6,	'For children aged 4 years or more: Does your child have friends of his/her age (In school and neighbor-hood) with whom he/she loves to chat, share food or play together?',	'Social Interaction',	'A1b',	'ii)',	'Active',	'2018-04-24 12:12:23',	'2018-04-24 12:12:23'),
(7,	'For children aged 4 years or more: Does your child play mostly with children who are much older or much younger than him/her?',	'Social Interaction',	'A1b',	'iii )',	'Active',	'2018-04-24 12:12:23',	'2018-04-24 12:12:23'),
(8,	'For children aged less than 4 years: Does/did your child ever point with his/her index finger to bring your attention to show the things that interest him/her ? E.g. kite, plane flying in the sky, cow/dog on the road etc.',	'Social Interaction',	'A1c',	'i )',	'Active',	'2018-04-24 12:15:14',	'2018-04-24 12:15:14'),
(9,	'For children aged 4 years or more, and are able to speak: Does your child talk to you about things he/she likes or has achieved without being asked about them?',	'Social Interaction',	'A1c',	'ii )',	'Active',	'2018-04-24 12:15:14',	'2018-04-24 12:15:14'),
(10,	'Does your child usually prefer to play alone and gets irritated/moves away when his/her sibs or other kids try to play with him/her?',	'Social Interaction',	'A1d',	'i )',	'Active',	'2018-04-24 12:15:14',	'2018-04-24 12:15:14'),
(11,	'Does your child play games involving turn taking or rule based with other children properly? E.g. Cricket, Hide and seek/I-spy, Ludo,Stapoo, Ring-a- ring roses etc.',	'Social Interaction',	'A1d',	'ii)',	'Active',	'2018-04-24 12:15:14',	'2018-04-24 12:15:14'),
(12,	'Does your child usually share his/her happiness with you or come to you for comfort when hurt or upset?',	'Social Interaction',	'A1d',	'iii )',	'Active',	'2018-04-24 12:16:29',	'2018-04-24 12:16:29'),
(13,	'For children aged 4 years or more: Does your child usually share your happiness or try to comfort you when you are upset / sad?',	'Social Interaction',	'A1d',	'iv )',	'Active',	'2018-04-24 12:16:29',	'2018-04-24 12:16:29'),
(14,	'Does your child speak normally for his/her age? If the child cannot speak normally: Can he/she communicate with you by using gestures?',	'Communication',	'A2a',	'i )',	'Active',	'2018-04-24 12:22:21',	'2018-04-24 12:22:21'),
(15,	'Does your child initiate a conversation with you?',	'Communication',	'A2b',	'i )',	'Active',	'2018-04-24 12:22:21',	'2018-04-24 12:22:21'),
(16,	'For children aged 4 years or more: Can you have conversation with your child during which he/she not only answers your questions, but also adds something new to continue the conversation?',	'Communication',	'A2b',	'ii )',	'Active',	'2018-04-24 12:22:21',	'2018-04-24 12:22:21'),
(17,	'Does your child usually repeat words or phrases regardless of meaning (in part or whole) that he/she has heard?',	'Communication',	'A2c',	'i )',	'Active',	'2018-04-24 12:22:21',	'2018-04-24 12:22:21'),
(18,	'ii) Does he/she incessantly repeat things/T.V serial dialogue regardless of meaning/ context, whatever he/she has heard later on ?',	'Communication',	'A2c',	'i i )',	'Active',	'2018-04-24 12:22:21',	'2018-04-24 12:22:21'),
(19,	'For children aged 4 years or more: Does your child usually use “I for me” and “me for you” incorrectly?',	'Communication',	'A2c',	'iii )',	'Active',	'2018-04-24 12:24:16',	'2018-04-24 12:24:16'),
(20,	'F or children aged 4 years or more: During conversation does your child often speak ‘out of context’ or irrelevantly?',	'Communication',	'A2c',	'iv )',	'Active',	'2018-04-24 12:24:16',	'2018-04-24 12:24:16'),
(21,	'For children aged 6 years or more: Does your child understand that somebody is making fun of him/her or can he/she understands jokes?',	'Communication',	'A2c',	'v )',	'Active',	'2018-04-24 12:24:16',	'2018-04-24 12:24:16'),
(22,	'Does your child participate in games like “Pat-a-cake”, “Peek-a-boo”, “Ring-a- ring rose”, “Akkad bakkad bambe po”, “Posam paa”, “Chal chameli baag mein” and “Totaa ud-maina ud” etc.? ',	'Communication',	'A2d',	'i )',	'Active',	'2018-04-24 12:25:48',	'2018-04-24 12:25:48'),
(23,	'Does your child have excessive interest in odd things/activities which other children do not have?',	'Restricted Intrests',	'A3a',	'i )',	'Active',	'2018-04-24 12:29:56',	'2018-04-24 12:29:56'),
(24,	'Does your child have excessive interest in typical things but the interest is so all encompassing that it interferes his/her activities?',	'Restricted Intrests',	'A3a',	'ii )',	'Active',	'2018-04-24 12:29:56',	'2018-04-24 12:29:56'),
(25,	'Does your child like lining or stacking objects/toys excessively?',	'Restricted Intrests',	'A3a',	'iii )',	'Active',	'2018-04-24 12:29:56',	'2018-04-24 12:29:56'),
(26,	'Does your child unreasonably insist on doing things in a particular way and/or become upset if there is any change in the daily routine?',	'Restricted Intrests',	'A3b',	'i )',	'Active',	'2018-04-24 12:30:37',	'2018-04-24 12:30:37'),
(27,	'Does your child keep on repeating any of the followings, like • flapping hands, • hand wringing, • toe-walking, • rocking or spinning, • making unusual finger or hand movements near his/her face?',	'Restricted Intrests',	'A3c',	'i )',	'Active',	'2018-04-24 12:31:53',	'2018-04-24 12:31:53'),
(28,	'Does your child have inappropriate fascination with movement?',	'Restricted Intrests',	'A3c',	'ii )',	'Active',	'2018-04-24 12:31:53',	'2018-04-24 12:31:53'),
(29,	'Does your child prefer to play with a particular part of a toy/object rather than the whole toy/object?',	'Restricted Intrests',	'A3d',	'i )',	'Active',	'2018-04-24 12:37:35',	'2018-04-24 12:37:35');

DROP TABLE IF EXISTS `mst_indications`;
CREATE TABLE `mst_indications` (
  `id` int(11) NOT NULL AUTO_INCREMENT,
  `title` varchar(255) NOT NULL,
  `status` enum('Active','Inactive') NOT NULL,
  `created` datetime NOT NULL,
  `modified` datetime NOT NULL,
  PRIMARY KEY (`id`)
) ENGINE=InnoDB DEFAULT CHARSET=latin1;

INSERT INTO `mst_indications` (`id`, `title`, `status`, `created`, `modified`) VALUES
(1,	'Prev LSCS',	'Active',	'2018-02-21 13:27:42',	'0000-00-00 00:00:00'),
(2,	'Twin Gestation',	'Active',	'2018-02-21 13:27:42',	'0000-00-00 00:00:00'),
(3,	'Breech',	'Active',	'2018-02-21 13:27:42',	'0000-00-00 00:00:00'),
(4,	'CPD',	'Active',	'2018-02-21 13:27:42',	'0000-00-00 00:00:00'),
(5,	'PROM',	'Active',	'2018-02-21 13:27:42',	'0000-00-00 00:00:00'),
(6,	'NPOL',	'Active',	'2018-02-21 13:27:42',	'0000-00-00 00:00:00'),
(7,	'Elective',	'Active',	'2018-02-21 13:27:42',	'0000-00-00 00:00:00'),
(8,	'Cord Around Neck',	'Active',	'2018-02-21 13:27:42',	'0000-00-00 00:00:00'),
(9,	'Malpresentation',	'Active',	'2018-02-21 14:15:49',	'2018-02-21 14:15:49'),
(10,	'test',	'Active',	'2018-05-26 14:39:23',	'0000-00-00 00:00:00'),
(11,	'demo',	'Active',	'2018-05-28 10:08:30',	'0000-00-00 00:00:00'),
(12,	'testing ',	'Active',	'2018-05-28 10:23:31',	'0000-00-00 00:00:00'),
(13,	'indication',	'Active',	'2018-05-28 10:24:28',	'0000-00-00 00:00:00'),
(14,	'demo test',	'Active',	'2018-05-28 10:35:13',	'0000-00-00 00:00:00'),
(15,	'abc',	'Active',	'2018-05-28 10:37:11',	'0000-00-00 00:00:00'),
(16,	'xyz',	'Active',	'2018-05-28 10:43:27',	'0000-00-00 00:00:00'),
(17,	'newtest',	'Active',	'2018-05-30 19:01:24',	'0000-00-00 00:00:00'),
(18,	'a',	'Active',	'2018-05-30 19:03:27',	'0000-00-00 00:00:00'),
(19,	'787',	'Active',	'2018-05-30 19:05:06',	'0000-00-00 00:00:00'),
(20,	'111',	'Active',	'2018-05-30 19:07:41',	'0000-00-00 00:00:00'),
(21,	'hn',	'Active',	'2018-05-31 14:08:49',	'0000-00-00 00:00:00'),
(22,	'yy',	'Active',	'2018-06-02 17:01:44',	'0000-00-00 00:00:00'),
(23,	'pppp',	'Active',	'2018-06-02 17:20:00',	'0000-00-00 00:00:00'),
(24,	'r',	'Active',	'2018-06-04 14:50:53',	'0000-00-00 00:00:00');

DROP TABLE IF EXISTS `mst_isaa_tests`;
CREATE TABLE `mst_isaa_tests` (
  `id` int(11) NOT NULL AUTO_INCREMENT,
  `questions` varchar(255) NOT NULL,
  `status` enum('Active','Inactive') NOT NULL,
  `created` datetime NOT NULL,
  `modified` datetime NOT NULL,
  PRIMARY KEY (`id`)
) ENGINE=InnoDB DEFAULT CHARSET=latin1;

INSERT INTO `mst_isaa_tests` (`id`, `questions`, `status`, `created`, `modified`) VALUES
(1,	'Has poor eye contact?',	'Active',	'2018-04-16 10:40:06',	'2018-04-16 10:40:06'),
(2,	'Lacks social smile?',	'Active',	'2018-04-16 11:01:44',	'2018-04-16 11:01:44'),
(3,	'Remains a loof?',	'Active',	'2018-04-16 11:01:44',	'2018-04-16 11:01:44'),
(4,	'Does not reach out to others?',	'Active',	'2018-04-16 11:01:44',	'2018-04-16 11:01:44'),
(5,	'Unable to relate to people?',	'Active',	'2018-04-16 11:01:44',	'2018-04-16 11:01:44'),
(6,	'Unable to respond to social / environmental cues?',	'Active',	'2018-04-16 11:01:44',	'2018-04-16 11:01:44'),
(7,	'Enagages in solitary and repetitive play activities?',	'Active',	'2018-04-16 11:01:44',	'2018-04-16 11:01:44'),
(8,	'Unable to take tirns in social interaction?',	'Active',	'2018-04-16 11:01:44',	'2018-04-16 11:01:44'),
(9,	'Does not maintain peer relationships?',	'Active',	'2018-04-16 11:01:44',	'2018-04-16 11:01:44'),
(10,	'Shows inappropriate emotional response?',	'Active',	'2018-04-16 11:01:44',	'2018-04-16 11:01:44'),
(11,	'Shows exaggersyed emotions?',	'Active',	'2018-04-16 11:01:44',	'2018-04-16 11:01:44'),
(12,	'Enagages in self-stimulating emotions? ',	'Active',	'2018-04-16 11:01:44',	'2018-04-16 11:01:44'),
(13,	'Lacks fear of danger?',	'Active',	'2018-04-16 11:01:44',	'2018-04-16 11:01:44'),
(14,	'Excited or agitated for no apparent reason?',	'Active',	'2018-04-16 11:01:44',	'2018-04-16 11:01:44'),
(15,	'Acquired speed & lost it?',	'Active',	'2018-04-16 11:17:23',	'2018-04-16 11:17:23'),
(16,	'Has difficulty in using non-verbal languge or gestures to communicate? ',	'Active',	'2018-04-16 11:17:23',	'2018-04-16 11:17:23'),
(17,	'Engages in echolalic speech?',	'Active',	'2018-04-16 11:17:23',	'2018-04-16 11:17:23'),
(18,	'Produces infantile squeals /unusual  noises?',	'Active',	'2018-04-16 11:17:23',	'2018-04-16 11:17:23'),
(19,	'Unable to intiate or sustain conversation with others?',	'Active',	'2018-04-16 11:17:23',	'2018-04-16 11:17:23'),
(20,	'Uses jargon or meaningless words?',	'Active',	'2018-04-16 11:17:23',	'2018-04-16 11:17:23'),
(21,	'Uses pronoun reversals?',	'Active',	'2018-04-16 11:17:23',	'2018-04-16 11:17:23'),
(22,	'Unable to grasp pragmatics of communication (real meaning)?',	'Active',	'2018-04-16 11:17:23',	'2018-04-16 11:17:23'),
(23,	'Engages in stereotyped and repititive motor mannerisms?',	'Active',	'2018-04-16 11:17:23',	'2018-04-16 11:17:23'),
(24,	'Shows attachment to inanimate objects?',	'Active',	'2018-04-16 11:17:23',	'2018-04-16 11:17:23'),
(25,	'Shows hyperactivity restlessness?',	'Active',	'2018-04-16 11:17:23',	'2018-04-16 11:17:23'),
(26,	'Exhibits aggressive behaiviour?',	'Active',	'2018-04-16 11:17:23',	'2018-04-16 11:17:23'),
(27,	'Throws tempor tantrums?',	'Active',	'2018-04-16 11:17:23',	'2018-04-16 11:17:23'),
(28,	'Engages in self-injurious behaviour?',	'Active',	'2018-04-16 11:17:23',	'2018-04-16 11:17:23'),
(29,	'Insists on sameness?',	'Active',	'2018-04-16 11:17:23',	'2018-04-16 11:17:23'),
(30,	'Unusually sensitive to sensory stimuli?',	'Active',	'2018-04-16 11:17:23',	'2018-04-16 11:17:23'),
(31,	'Stars into place for long periods of time?',	'Active',	'2018-04-16 11:17:23',	'2018-04-16 11:17:23'),
(32,	'Has difficulty in tracking objects?',	'Active',	'2018-04-16 11:17:23',	'2018-04-16 11:17:23'),
(33,	'Has unusual vision?',	'Active',	'2018-04-16 11:17:23',	'2018-04-16 11:17:23'),
(34,	'Insensitive to pain?',	'Active',	'2018-04-16 11:17:23',	'2018-04-16 11:17:23'),
(35,	'Responds toi objects/peo[le unusually by smelling, touching or tasting?',	'Active',	'2018-04-16 11:17:23',	'2018-04-16 11:17:23'),
(36,	'Incoonsistent attentionand concentration',	'Active',	'2018-04-16 11:17:23',	'2018-04-16 11:17:23'),
(37,	'Shows delay in responding?',	'Active',	'2018-04-16 11:17:23',	'2018-04-16 11:17:23'),
(38,	'Has unusual Memory of Some kind?',	'Active',	'2018-04-16 11:17:23',	'2018-04-16 11:17:23'),
(39,	'Has \'savant\' ability?',	'Active',	'2018-04-16 11:17:23',	'2018-04-16 11:17:23'),
(40,	'Engages in stereotyped and repititive use of language?',	'Active',	'2018-04-16 11:22:56',	'2018-04-16 11:22:56');

DROP TABLE IF EXISTS `mst_leave_applications`;
CREATE TABLE `mst_leave_applications` (
  `id` int(11) NOT NULL AUTO_INCREMENT,
  `branch_id` int(11) NOT NULL,
  `doctor_id` int(11) NOT NULL,
  `user_id` int(11) NOT NULL,
  `reception_id` int(11) NOT NULL,
  `from_date` date NOT NULL,
  `to_date` date NOT NULL,
  `leaving_time` time NOT NULL,
  `joining_date` date NOT NULL,
  `subject` varchar(255) NOT NULL,
  `description` varchar(255) NOT NULL,
  `reason` varchar(255) NOT NULL,
  `apply_date` datetime NOT NULL,
  `read_notification` enum('Read','Unread') NOT NULL DEFAULT 'Unread',
  `is_read_dr` enum('Read','Unread') NOT NULL DEFAULT 'Unread',
  `is_read_reception` enum('Read','Unread') NOT NULL DEFAULT 'Unread',
  `status` enum('Approved','Rejected','Pending') NOT NULL DEFAULT 'Pending',
  `created` date NOT NULL,
  `modified` datetime NOT NULL,
  PRIMARY KEY (`id`)
) ENGINE=InnoDB DEFAULT CHARSET=latin1;

INSERT INTO `mst_leave_applications` (`id`, `branch_id`, `doctor_id`, `user_id`, `reception_id`, `from_date`, `to_date`, `leaving_time`, `joining_date`, `subject`, `description`, `reason`, `apply_date`, `read_notification`, `is_read_dr`, `is_read_reception`, `status`, `created`, `modified`) VALUES
(1,	1,	19,	1,	17,	'2018-06-02',	'2018-06-05',	'00:00:02',	'0000-00-00',	'Going out of town',	'Going out of town',	'ok go and enjoy',	'2018-06-02 13:50:06',	'Read',	'Unread',	'Unread',	'Approved',	'2018-06-02',	'2018-06-02 13:53:36'),
(2,	1,	19,	1,	17,	'2018-06-02',	'2018-06-07',	'00:00:01',	'2018-06-07',	'Sick',	'Sick',	'',	'2018-06-02 15:07:08',	'Read',	'Unread',	'Unread',	'Pending',	'2018-06-02',	'2018-06-04 10:42:14'),
(3,	1,	19,	1,	17,	'2018-06-22',	'2018-06-29',	'00:00:09',	'2018-06-29',	'Dfgfg',	'Gfgfd',	'',	'2018-06-02 16:33:53',	'Read',	'Unread',	'Unread',	'Pending',	'2018-06-02',	'2018-06-04 10:17:42'),
(4,	1,	19,	1,	17,	'2018-06-04',	'2018-06-10',	'10:00:00',	'2018-06-10',	'Abc',	'Abc',	'',	'2018-06-04 10:41:34',	'Read',	'Unread',	'Unread',	'Pending',	'2018-06-04',	'2018-06-04 10:42:19'),
(5,	1,	19,	1,	17,	'2018-06-07',	'2018-06-08',	'12:00:00',	'2018-06-08',	'Hj',	'Hjh',	'fdf',	'2018-06-07 19:29:50',	'Read',	'Unread',	'Unread',	'Approved',	'2018-06-07',	'2018-06-09 12:23:14'),
(6,	1,	19,	1,	17,	'2018-06-07',	'2018-06-07',	'12:30:00',	'2018-06-07',	'Qq',	'Qq',	'',	'2018-06-07 19:36:35',	'Unread',	'Unread',	'Unread',	'Pending',	'2018-06-07',	'0000-00-00 00:00:00'),
(7,	1,	19,	1,	17,	'2018-06-07',	'2018-06-16',	'01:00:00',	'2018-06-16',	'Gbh',	'Gv',	'',	'2018-06-07 20:07:51',	'Unread',	'Unread',	'Unread',	'Pending',	'2018-06-07',	'0000-00-00 00:00:00'),
(8,	1,	19,	1,	17,	'2018-06-09',	'2018-06-16',	'12:30:00',	'2018-06-16',	'Aa',	'Aa',	'',	'2018-06-09 12:22:33',	'Unread',	'Unread',	'Unread',	'Pending',	'2018-06-09',	'0000-00-00 00:00:00'),
(9,	1,	19,	1,	17,	'2018-06-11',	'2018-06-15',	'01:00:00',	'2018-06-16',	'Qw',	'Qw',	'',	'2018-06-11 10:51:36',	'Unread',	'Unread',	'Unread',	'Pending',	'2018-06-11',	'0000-00-00 00:00:00'),
(10,	1,	19,	1,	17,	'2018-06-11',	'2018-06-15',	'01:00:00',	'2018-06-16',	'H',	'Hg',	'',	'2018-06-11 10:58:20',	'Unread',	'Unread',	'Unread',	'Pending',	'2018-06-11',	'0000-00-00 00:00:00'),
(11,	1,	19,	1,	17,	'2018-06-20',	'2018-06-21',	'08:30:00',	'2018-06-22',	'Ll',	'Ll',	'',	'2018-06-11 10:58:49',	'Unread',	'Unread',	'Unread',	'Pending',	'2018-06-11',	'0000-00-00 00:00:00'),
(12,	1,	19,	1,	17,	'2018-06-12',	'2018-06-16',	'06:30:00',	'2018-06-21',	'O',	'O',	'',	'2018-06-11 10:59:41',	'Unread',	'Unread',	'Unread',	'Pending',	'2018-06-11',	'2018-06-11 11:00:22'),
(13,	1,	19,	1,	17,	'2018-06-11',	'2018-06-15',	'11:30:00',	'2018-06-16',	'Dd',	'Dd',	'',	'2018-06-11 11:02:35',	'Unread',	'Unread',	'Unread',	'Pending',	'2018-06-11',	'0000-00-00 00:00:00');

DROP TABLE IF EXISTS `mst_mchat_tests`;
CREATE TABLE `mst_mchat_tests` (
  `id` int(11) NOT NULL AUTO_INCREMENT,
  `questions` varchar(255) NOT NULL,
  `status` enum('Active','Inactive') NOT NULL,
  `created` datetime NOT NULL,
  `modified` datetime NOT NULL,
  PRIMARY KEY (`id`)
) ENGINE=InnoDB DEFAULT CHARSET=latin1;

INSERT INTO `mst_mchat_tests` (`id`, `questions`, `status`, `created`, `modified`) VALUES
(1,	'If you point at something across the room, does your child look at it? (FOR EXAMPLE, if you point at a toy or an animal, does your child look at the toy or animal?)',	'Active',	'2018-04-20 17:07:58',	'2018-04-20 17:07:58'),
(2,	'Have you ever wondered if your child might be deaf?',	'Active',	'2018-04-20 17:07:58',	'2018-04-20 17:07:58'),
(3,	'Does your child play pretend or make-believe? (FOR EXAMPLE, pretend to drink from an empty cup, pretend to talk on a phone, or pretend to feed a doll or stuffed animal?)',	'Active',	'2018-04-20 17:07:58',	'2018-04-20 17:07:58'),
(4,	'Does your child like climbing on things? (FOR EXAMPLE, furniture, playground equipment, or stairs)',	'Active',	'2018-04-20 17:07:58',	'2018-04-20 17:07:58'),
(5,	'Does your child make unusual finger movements near his or her eyes? (FOR EXAMPLE, does your child wiggle his or her fingers close to his or her eyes?)',	'Active',	'2018-04-20 17:07:58',	'2018-04-20 17:07:58'),
(6,	'Does your child point with one finger to ask for something or to get help? (FOR EXAMPLE, pointing to a snack or toy that is out of reach)',	'Active',	'2018-04-20 17:07:58',	'2018-04-20 17:07:58'),
(7,	'Does your child point with one finger to show you something interesting? (FOR EXAMPLE, pointing to an airplane in the sky or a big truck in the road. This is different from your child pointing to ASK for something)',	'Active',	'2018-04-20 17:07:58',	'2018-04-20 17:07:58'),
(8,	'Is your child interested in other children? (FOR EXAMPLE, does your child watch other children, smile at them, or go to them?)',	'Active',	'2018-04-20 17:07:58',	'2018-04-20 17:07:58'),
(9,	'Does your child show you things by bringing them to you or holding them up for you to see - not to get help, but just to share? (FOR EXAMPLE, showing you a flower, a stuffed animal, or a toy truck)',	'Active',	'2018-04-20 17:07:58',	'2018-04-20 17:07:58'),
(10,	'Does your child respond when you call his or her name? (FOR EXAMPLE, does he or she Yes No look up, talk or babble, or stop what he or she is doing when you call his or her name?)',	'Active',	'2018-04-20 17:07:58',	'2018-04-20 17:07:58'),
(11,	'When you smile at your child, does he or she smile back at you?',	'Active',	'2018-04-20 17:09:37',	'2018-04-20 17:09:37'),
(12,	'Does your child get upset by everyday noises? (FOR EXAMPLE, does your child scream or cry to noise such as a vacuum cleaner or loud music?)',	'Active',	'2018-04-20 17:09:37',	'2018-04-20 17:09:37'),
(13,	'Does your child walk?',	'Active',	'2018-04-20 17:09:37',	'2018-04-20 17:09:37'),
(14,	'Does your child look you in the eye when you are talking to him or her, playing with him or her, or dressing him or her?',	'Active',	'2018-04-20 17:09:37',	'2018-04-20 17:09:37'),
(15,	'Does your child try to copy what you do? (FOR EXAMPLE, wave bye-bye, clap, or make a funny noise when you do)',	'Active',	'2018-04-20 17:09:37',	'2018-04-20 17:09:37'),
(16,	'If you turn your head to look at something, does your child look around to see what you are looking at?',	'Active',	'2018-04-20 17:09:37',	'2018-04-20 17:09:37'),
(17,	'Does your child try to get you to watch him/her? (FOR EXAMPLE, does your child look at you for praise, or say \'look\' or \'watch me\')',	'Active',	'2018-04-20 17:09:37',	'2018-04-20 17:09:37'),
(18,	'Does your child understand when you tell him/her to do something? (FOR EXAMPLE, if you don\'t point, can your child understand \'put the book on the chair\' or \'bring me the blanket\')',	'Active',	'2018-04-20 17:09:37',	'2018-04-20 17:09:37'),
(19,	'If something new happens, does your child look at your face to see how you feel about it? (FOR EXAMPLE, if he or she hears a strange or funny noise, or sees a new toy, will he or she look at your face?)',	'Active',	'2018-04-20 17:09:37',	'2018-04-20 17:09:37'),
(20,	'Does your child like movement activities? (FOR EXAMPLE, being swung or bounced on your knee)',	'Active',	'2018-04-20 17:09:37',	'2018-04-20 17:09:37');

DROP TABLE IF EXISTS `mst_medicines`;
CREATE TABLE `mst_medicines` (
  `id` int(11) NOT NULL AUTO_INCREMENT,
  `medicine_name` varchar(255) NOT NULL,
  `short_name` varchar(255) NOT NULL,
  `medicine_type` varchar(255) NOT NULL,
  `power` varchar(255) NOT NULL,
  `price` varchar(255) NOT NULL,
  `status` enum('Active','Inactive') NOT NULL DEFAULT 'Active',
  `created` datetime NOT NULL,
  `modified` datetime NOT NULL,
  PRIMARY KEY (`id`)
) ENGINE=InnoDB DEFAULT CHARSET=latin1;

INSERT INTO `mst_medicines` (`id`, `medicine_name`, `short_name`, `medicine_type`, `power`, `price`, `status`, `created`, `modified`) VALUES
(1,	'Nice',	'NIC',	'Tablet',	'100 mg',	'10',	'Active',	'2018-04-05 13:27:38',	'2018-04-05 13:27:38'),
(2,	'Nice',	'NIC',	'Tablet',	'150 mg',	'20',	'Active',	'2018-04-05 13:27:55',	'2018-04-05 13:27:55'),
(3,	'Crosine',	'CRO',	'Tablet',	'500mg',	'30',	'Active',	'2018-04-05 13:29:06',	'2018-04-05 13:29:06'),
(4,	'Paracetemol',	'PCM',	'Tablet',	'10mg',	'40',	'Active',	'2018-04-14 17:47:21',	'2018-04-14 17:47:21'),
(5,	'Paracetemol',	'PCM',	'Tablet',	'10mg',	'50',	'Active',	'2018-04-14 17:47:44',	'2018-04-14 17:47:44'),
(6,	'Glycodine',	'GLY',	'Syrup',	'500ml',	'60',	'Active',	'2018-04-06 14:48:51',	'2018-04-06 14:48:51'),
(7,	'Glycodine',	'GLY',	'Syrup',	'1000ml',	'70',	'Active',	'2018-04-06 14:48:51',	'2018-04-06 14:48:51'),
(8,	'Omez20',	'OZ',	'Capsule',	'20mg',	'3',	'Active',	'2018-04-27 10:02:00',	'2018-04-27 10:02:00'),
(9,	'Omez20',	'OZ',	'Capsule',	'30mg',	'30',	'Active',	'2018-04-27 10:02:31',	'2018-04-27 10:02:31');

DROP TABLE IF EXISTS `mst_messages_body`;
CREATE TABLE `mst_messages_body` (
  `id` int(11) NOT NULL AUTO_INCREMENT,
  `title` varchar(255) NOT NULL,
  `type` varchar(255) NOT NULL,
  `message_body` varchar(255) NOT NULL,
  `status` enum('Active','Inactive') NOT NULL,
  `created` datetime NOT NULL,
  `modified` datetime NOT NULL,
  PRIMARY KEY (`id`)
) ENGINE=InnoDB DEFAULT CHARSET=latin1;

INSERT INTO `mst_messages_body` (`id`, `title`, `type`, `message_body`, `status`, `created`, `modified`) VALUES
(1,	'Succesfully  Test',	'test_success',	'Dear {doctor_name}, We attend the patient {patient_name}, {patient_mobile} and we diagnosis some points like {diagnosis_name} and we are {recomandation_name} are recomended to patient for their better health! Regards, Prouds.                              ',	'Active',	'2018-02-22 18:11:16',	'2018-02-22 18:11:16'),
(2,	'Set Tempalte',	'Test',	'Hello   {doctor_name},\r\nI evaluated to  {patient_name},  {patient_mobile} and find some diagnosis  {diagnosis_name} and would like to {recommendation_name}.\r\nThanks and Regards,\r\nProuds                         ',	'Active',	'2018-03-28 11:30:28',	'2018-03-28 11:30:28');

DROP TABLE IF EXISTS `mst_nichq_tests`;
CREATE TABLE `mst_nichq_tests` (
  `id` int(11) NOT NULL AUTO_INCREMENT,
  `questions` varchar(255) NOT NULL,
  `status` enum('Active','Inactive') NOT NULL,
  `created` datetime NOT NULL,
  `modified` datetime NOT NULL,
  PRIMARY KEY (`id`)
) ENGINE=InnoDB DEFAULT CHARSET=latin1;

INSERT INTO `mst_nichq_tests` (`id`, `questions`, `status`, `created`, `modified`) VALUES
(1,	'Does not pay attention to details or makes careless mistakes with, for example, homework?',	'Active',	'2018-04-14 17:40:56',	'2018-04-14 17:40:56'),
(2,	'Has difficulty keeping attention to what needs to be done?',	'Active',	'2018-04-16 10:46:19',	'2018-04-16 10:46:19'),
(3,	'Does not seem to listen when spoken to directly?',	'Active',	'2018-04-16 10:46:19',	'2018-04-16 10:46:19'),
(4,	'Does not follow through when given directions and fails to finish activities  (not due to refusal or failure to understand)?',	'Active',	'2018-04-16 10:46:19',	'2018-04-16 10:46:19'),
(5,	'Has difficulty organizing tasks and activities?',	'Active',	'2018-04-16 10:46:19',	'2018-04-16 10:46:19'),
(6,	'Avoids, dislikes, or does not want to start tasks that require ongoing  mental effort?',	'Active',	'2018-04-16 10:46:19',	'2018-04-16 10:46:19'),
(7,	'Loses things necessary for tasks or activities (toys, assignments, pencils,  or books)?',	'Active',	'2018-04-16 10:46:19',	'2018-04-16 10:46:19'),
(8,	'Is easily distracted by noises or other stimuli?',	'Active',	'2018-04-16 10:46:19',	'2018-04-16 10:46:19'),
(9,	'Is forgetful in daily activities?',	'Active',	'2018-04-16 10:46:19',	'2018-04-16 10:46:19'),
(10,	'Fidgets with hands or feet or squirms in seat?',	'Active',	'2018-04-16 10:46:19',	'2018-04-16 10:46:19'),
(11,	'Leaves seat when remaining seated is expected?',	'Active',	'2018-04-16 10:46:19',	'2018-04-16 10:46:19'),
(12,	'Runs about or climbs too much when remaining seated is expected?',	'Active',	'2018-04-16 10:46:19',	'2018-04-16 10:46:19'),
(13,	'Has difficulty playing or beginning quiet play activities?',	'Active',	'2018-04-16 10:46:19',	'2018-04-16 10:46:19'),
(14,	'Is “on the go” or often acts as if “driven by a motor”?',	'Active',	'2018-04-16 10:46:19',	'2018-04-16 10:46:19'),
(15,	'Talks too much?',	'Active',	'2018-04-16 10:46:19',	'2018-04-16 10:46:19'),
(16,	'Blurts out answers before questions have been completed?',	'Active',	'2018-04-16 10:46:19',	'2018-04-16 10:46:19'),
(17,	'Has difficulty waiting his or her turn?',	'Active',	'2018-04-16 10:46:19',	'2018-04-16 10:46:19'),
(18,	'Interrupts or intrudes in on others’ conversations and/or activities?',	'Active',	'2018-04-16 10:46:19',	'2018-04-16 10:46:19'),
(19,	'Argues with adults?',	'Active',	'2018-04-16 10:46:19',	'2018-04-16 10:46:19'),
(20,	'Loses temper?',	'Active',	'2018-04-16 10:46:19',	'2018-04-16 10:46:19'),
(21,	'Actively defies or refuses to go along with adults’ requests or rules?',	'Active',	'2018-04-16 10:46:19',	'2018-04-16 10:46:19'),
(22,	'Deliberately annoys people?',	'Active',	'2018-04-16 10:46:19',	'2018-04-16 10:46:19'),
(23,	'Blames others for his or her mistakes or misbehaviors?',	'Active',	'2018-04-16 10:46:19',	'2018-04-16 10:46:19'),
(24,	'Is touchy or easily annoyed by others?',	'Active',	'2018-04-16 10:46:19',	'2018-04-16 10:46:19'),
(25,	'Is angry or resentful?',	'Active',	'2018-04-16 10:46:19',	'2018-04-16 10:46:19'),
(26,	'Is spiteful and wants to get even?',	'Active',	'2018-04-16 10:51:38',	'2018-04-16 10:51:38'),
(27,	'Bullies, threatens, or intimidates others?',	'Active',	'2018-04-16 10:51:38',	'2018-04-16 10:51:38'),
(28,	'Starts physical fights?',	'Active',	'2018-04-16 10:51:38',	'2018-04-16 10:51:38'),
(29,	'Lies to get out of trouble or to avoid obligations (ie,“cons” others)?',	'Active',	'2018-04-16 10:51:38',	'2018-04-16 10:51:38'),
(30,	'Is truant from school (skips school) without permission?',	'Active',	'2018-04-16 10:51:38',	'2018-04-16 10:51:38'),
(31,	'Is physically cruel to people?',	'Active',	'2018-04-16 10:51:38',	'2018-04-16 10:51:38'),
(32,	'Has stolen things that have value?',	'Active',	'2018-04-16 10:51:38',	'2018-04-16 10:51:38'),
(33,	'Deliberately destroys others’ property?',	'Active',	'2018-04-16 10:51:38',	'2018-04-16 10:51:38'),
(34,	'Has used a weapon that can cause serious harm (bat, knife, brick, gun)?',	'Active',	'2018-04-16 10:51:38',	'2018-04-16 10:51:38'),
(35,	'Is physically cruel to animals?',	'Active',	'2018-04-16 10:51:38',	'2018-04-16 10:51:38'),
(36,	'Has deliberately set fires to cause damage?',	'Active',	'2018-04-16 10:51:38',	'2018-04-16 10:51:38'),
(37,	'Has broken into someone else’s home, business, or car?',	'Active',	'2018-04-16 10:51:38',	'2018-04-16 10:51:38'),
(38,	'Has stayed out at night without permission?',	'Active',	'2018-04-16 10:51:38',	'2018-04-16 10:51:38'),
(39,	'Has run away from home overnight?',	'Active',	'2018-04-16 10:51:38',	'2018-04-16 10:51:38'),
(40,	'Has forced someone into sexual activity?',	'Active',	'2018-04-16 10:51:39',	'2018-04-16 10:51:39'),
(41,	'Is fearful, anxious, or worried?',	'Active',	'2018-04-16 10:51:39',	'2018-04-16 10:51:39'),
(42,	'Is afraid to try new things for fear of making mistakes?',	'Active',	'2018-04-16 10:51:39',	'2018-04-16 10:51:39'),
(43,	'Feels worthless or inferior?',	'Active',	'2018-04-16 10:51:39',	'2018-04-16 10:51:39'),
(44,	'Blames self for problems, feels guilty?',	'Active',	'2018-04-16 10:51:39',	'2018-04-16 10:51:39'),
(45,	'Feels lonely, unwanted, or unloved; complains that “no one loves him or her”?',	'Active',	'2018-04-16 10:51:39',	'2018-04-16 10:51:39'),
(46,	'Is sad, unhappy, or depressed?',	'Active',	'2018-04-16 10:51:39',	'2018-04-16 10:51:39'),
(47,	'Is self-conscious or easily embarrassed?',	'Active',	'2018-04-16 10:51:39',	'2018-04-16 10:51:39');

DROP TABLE IF EXISTS `mst_nicus`;
CREATE TABLE `mst_nicus` (
  `id` int(11) NOT NULL AUTO_INCREMENT,
  `title` varchar(255) NOT NULL,
  `status` enum('Active','Inactive') NOT NULL,
  `created` datetime NOT NULL,
  `modified` datetime NOT NULL,
  PRIMARY KEY (`id`)
) ENGINE=InnoDB DEFAULT CHARSET=latin1;

INSERT INTO `mst_nicus` (`id`, `title`, `status`, `created`, `modified`) VALUES
(1,	'Yes',	'Active',	'2018-02-21 13:29:37',	'0000-00-00 00:00:00'),
(2,	'No',	'Active',	'2018-02-21 13:29:37',	'0000-00-00 00:00:00'),
(3,	'Birth Asphyxia',	'Active',	'2018-02-21 14:45:45',	'2018-02-21 14:45:45'),
(4,	'Sepsis',	'Active',	'2018-02-21 14:10:16',	'2018-02-21 14:10:16'),
(5,	'Convulsions',	'Active',	'2018-02-21 13:29:37',	'0000-00-00 00:00:00'),
(6,	'Jaundice',	'Active',	'2018-02-21 14:45:41',	'2018-02-21 14:45:41'),
(7,	'testing',	'Active',	'2018-05-26 14:39:48',	'0000-00-00 00:00:00');

DROP TABLE IF EXISTS `mst_nutrition_calculations`;
CREATE TABLE `mst_nutrition_calculations` (
  `id` int(11) NOT NULL AUTO_INCREMENT,
  `group` varchar(255) NOT NULL,
  `min_age` varchar(255) NOT NULL,
  `max_age` varchar(255) NOT NULL,
  `weight` varchar(255) NOT NULL,
  `energy` varchar(255) NOT NULL,
  `protein` varchar(255) NOT NULL,
  `status` enum('Active','Inactive') NOT NULL,
  `created` datetime NOT NULL,
  `modified` datetime NOT NULL,
  PRIMARY KEY (`id`)
) ENGINE=InnoDB DEFAULT CHARSET=latin1;

INSERT INTO `mst_nutrition_calculations` (`id`, `group`, `min_age`, `max_age`, `weight`, `energy`, `protein`, `status`, `created`, `modified`) VALUES
(1,	'Male',	'00',	'00.5',	'5.4',	'92',	'1.16',	'Active',	'2018-06-12 12:41:47',	'2018-06-12 12:41:47'),
(2,	'Female',	'00',	'00.5',	'5.4',	'92',	'1.16',	'Active',	'2018-06-12 12:41:32',	'2018-06-12 12:41:32'),
(3,	'Male',	'00.5',	'01',	'8.4',	'80 ',	'1.69 ',	'Active',	'2018-06-12 12:41:11',	'2018-06-12 12:41:11'),
(4,	'Female',	'00.5',	'01',	'8.4',	'80 ',	'1.69 ',	'Active',	'2018-06-12 12:40:45',	'2018-06-12 12:40:45'),
(5,	'Male',	'01',	'03',	'12.9',	'1060',	'16.7',	'Active',	'2018-06-07 12:45:47',	'2018-06-07 12:45:47'),
(6,	'Female',	'01',	'03',	'12.9',	'1060',	'16.7',	'Active',	'2018-06-07 12:45:47',	'2018-06-07 12:45:47'),
(7,	'Male',	'04',	'06',	'18.0',	'1350',	'20.1',	'Active',	'2018-06-07 12:45:47',	'2018-06-07 12:45:47'),
(8,	'Female',	'04',	'06',	'18.0',	'1350',	'20.1',	'Active',	'2018-06-07 12:45:47',	'2018-06-07 12:45:47'),
(9,	'Male',	'07',	'09',	'25.1',	'1690',	'29.5',	'Active',	'2018-06-07 12:45:47',	'2018-06-07 12:45:47'),
(10,	'Female',	'07',	'09',	'25.1',	'1690',	'29.5',	'Active',	'2018-06-07 12:45:47',	'2018-06-07 12:45:47'),
(11,	'Male',	'10',	'12',	'34.3',	'2190',	'39.9',	'Active',	'2018-06-07 12:49:34',	'2018-06-07 12:49:34'),
(12,	'Female',	'10',	'12',	'35.0',	'2010',	'40.4',	'Active',	'2018-06-07 12:49:34',	'2018-06-07 12:49:34'),
(13,	'Male',	'13',	'15',	'47.6',	'2750',	'54.3',	'Active',	'2018-06-07 12:51:26',	'2018-06-07 12:51:26'),
(14,	'Female',	'13',	'15',	'46.6',	'2330',	'51.9',	'Active',	'2018-06-07 12:51:26',	'2018-06-07 12:51:26'),
(15,	'Male',	'16',	'17',	'55.4',	'3020',	'61.5',	'Active',	'2018-06-07 12:53:01',	'2018-06-07 12:53:01'),
(16,	'Female',	'16',	'17',	'52.1',	'2440',	'55.5',	'Active',	'2018-06-07 12:53:01',	'2018-06-07 12:53:01');

DROP TABLE IF EXISTS `mst_nutrition_categories`;
CREATE TABLE `mst_nutrition_categories` (
  `id` int(11) NOT NULL AUTO_INCREMENT,
  `nutrition_category_title` varchar(255) NOT NULL,
  `status` enum('Active','Inactive') NOT NULL,
  `created` datetime NOT NULL,
  `modified` datetime NOT NULL,
  PRIMARY KEY (`id`)
) ENGINE=InnoDB DEFAULT CHARSET=latin1;

INSERT INTO `mst_nutrition_categories` (`id`, `nutrition_category_title`, `status`, `created`, `modified`) VALUES
(1,	'CEREALS',	'Active',	'2018-06-06 18:15:26',	'0000-00-00 00:00:00'),
(2,	'Pulses',	'Active',	'2018-06-06 18:15:26',	'0000-00-00 00:00:00'),
(3,	'Vegetables',	'Active',	'2018-06-06 18:15:26',	'0000-00-00 00:00:00'),
(4,	'Non-vegetarian',	'Active',	'2018-06-06 18:15:26',	'0000-00-00 00:00:00'),
(5,	'Beverages',	'Active',	'2018-06-06 18:15:26',	'0000-00-00 00:00:00'),
(6,	'Vegetables, Fruits and Nuts',	'Active',	'2018-06-06 20:06:18',	'2018-06-06 20:06:18'),
(7,	'Snacks',	'Active',	'2018-06-07 13:30:03',	'0000-00-00 00:00:00'),
(8,	'Desserts',	'Active',	'2018-06-07 13:30:03',	'0000-00-00 00:00:00');

DROP TABLE IF EXISTS `mst_nutrition_preparations`;
CREATE TABLE `mst_nutrition_preparations` (
  `id` int(11) NOT NULL AUTO_INCREMENT,
  `mst_nutrition_category_id` int(11) NOT NULL,
  `nutrition_preparation_title` varchar(255) NOT NULL,
  `quantity` varchar(255) NOT NULL,
  `unit` varchar(255) NOT NULL,
  `calories` varchar(255) NOT NULL,
  `proteins` varchar(255) NOT NULL,
  `status` enum('Active','Inactive') NOT NULL,
  `created` datetime NOT NULL,
  `modified` datetime NOT NULL,
  PRIMARY KEY (`id`)
) ENGINE=InnoDB DEFAULT CHARSET=latin1;

INSERT INTO `mst_nutrition_preparations` (`id`, `mst_nutrition_category_id`, `nutrition_preparation_title`, `quantity`, `unit`, `calories`, `proteins`, `status`, `created`, `modified`) VALUES
(1,	1,	'Rice',	'',	'Cup',	'170',	'4',	'Active',	'2018-06-07 13:22:28',	'2018-06-07 13:22:28'),
(2,	1,	'Phulka/ Roti',	'',	'no',	'80',	'1',	'Active',	'2018-06-07 13:22:29',	'2018-06-07 13:22:29'),
(3,	1,	'Paratha',	'',	'no',	'150',	'2',	'Active',	'2018-06-07 13:22:29',	'2018-06-07 13:22:29'),
(4,	1,	'Puri',	'',	'no',	'80',	'1',	'Active',	'2018-06-07 13:22:29',	'2018-06-07 13:22:29'),
(5,	1,	'Bread',	'',	'slice',	'85',	'1',	'Active',	'2018-06-07 13:22:29',	'2018-06-07 13:22:29'),
(6,	1,	'Poha',	'',	'Cup',	'270',	'6',	'Active',	'2018-06-07 13:22:29',	'2018-06-07 13:22:29'),
(7,	1,	'Upma',	'',	'Cup',	'270',	'6',	'Active',	'2018-06-07 13:22:29',	'2018-06-07 13:22:29'),
(8,	1,	'Idli',	'',	'no',	'75',	'4',	'Active',	'2018-06-07 13:22:29',	'2018-06-07 13:22:29'),
(9,	1,	'Dosa',	'',	'no',	'125',	'2',	'Active',	'2018-06-07 13:22:29',	'2018-06-07 13:22:29'),
(10,	1,	'Khichdi',	'',	'Cup',	'200',	'8',	'Active',	'2018-06-07 13:22:29',	'2018-06-07 13:22:29'),
(11,	1,	'Wheat porridge',	'',	'Cup',	'220',	'8',	'Active',	'2018-06-07 13:22:29',	'2018-06-07 13:22:29'),
(12,	2,	'Plain dal',	'',	'Cup',	'200',	'12',	'Active',	'2018-06-07 13:23:49',	'2018-06-07 13:23:49'),
(13,	2,	'Sambhar',	'',	'Cup',	'110',	'6',	'Active',	'2018-06-07 13:23:49',	'2018-06-07 13:23:49'),
(14,	3,	'With gravy',	'',	'Cup',	'170',	'9',	'Active',	'2018-06-07 13:25:32',	'2018-06-07 13:25:32'),
(15,	3,	'Dry',	'',	'Cup',	'150',	'8',	'Active',	'2018-06-07 13:25:32',	'2018-06-07 13:25:32'),
(16,	3,	'Khichdi',	'',	'Cup',	'200',	'8',	'Active',	'2018-06-07 13:25:32',	'2018-06-07 13:25:32'),
(17,	3,	'Wheatporridge',	'',	'Cup',	'220',	'8',	'Active',	'2018-06-07 13:25:32',	'2018-06-07 13:25:32'),
(18,	4,	'Boiled egg',	'',	'no',	'90',	'6',	'Active',	'2018-06-07 13:29:34',	'2018-06-07 13:29:34'),
(19,	4,	'Omelette',	'',	'no',	'160',	'10',	'Active',	'2018-06-07 13:29:34',	'2018-06-07 13:29:34'),
(20,	4,	'Mutton curry',	'',	'Cup',	'350',	'35',	'Active',	'2018-06-07 13:29:34',	'2018-06-07 13:29:34'),
(21,	4,	'Chicken curry',	'',	'Cup',	'320',	'60',	'Active',	'2018-06-07 13:29:34',	'2018-06-07 13:29:34'),
(22,	4,	'Fish fried',	'',	'bigpiece',	'85',	'17',	'Active',	'2018-06-07 13:29:34',	'2018-06-07 13:29:34'),
(23,	4,	'Prawn curry',	'',	'Cup',	'300',	'',	'Active',	'2018-06-07 13:29:34',	'2018-06-07 13:29:34');

DROP TABLE IF EXISTS `mst_patients`;
CREATE TABLE `mst_patients` (
  `id` int(11) NOT NULL AUTO_INCREMENT,
  `unique_id` varchar(90) NOT NULL,
  `branch_id` int(11) NOT NULL,
  `first_name` varchar(255) NOT NULL,
  `last_name` varchar(255) NOT NULL,
  `father_name` varchar(255) NOT NULL,
  `mother_name` varchar(255) NOT NULL,
  `email` varchar(255) NOT NULL,
  `mobile` bigint(20) NOT NULL,
  `gender` enum('Male','Female') NOT NULL,
  `dob` date NOT NULL,
  `ageinwords` varchar(255) NOT NULL,
  `blood_group` varchar(255) NOT NULL,
  `is_disease` enum('Yes','No') NOT NULL,
  `is_delete` enum('No','Yes') DEFAULT 'No',
  `disease_name` varchar(255) DEFAULT NULL,
  `board` varchar(255) DEFAULT NULL,
  `medium` varchar(255) DEFAULT NULL,
  `standard` varchar(255) DEFAULT NULL,
  `school` varchar(255) DEFAULT NULL,
  `city` int(11) DEFAULT NULL,
  `refered_by` varchar(255) DEFAULT NULL,
  `address` text NOT NULL,
  `created_by` int(11) NOT NULL,
  `created_on` date NOT NULL,
  `status` enum('Active','Inactive') NOT NULL DEFAULT 'Active',
  `created` datetime NOT NULL,
  `modified` datetime NOT NULL,
  PRIMARY KEY (`id`)
) ENGINE=InnoDB DEFAULT CHARSET=latin1;

INSERT INTO `mst_patients` (`id`, `unique_id`, `branch_id`, `first_name`, `last_name`, `father_name`, `mother_name`, `email`, `mobile`, `gender`, `dob`, `ageinwords`, `blood_group`, `is_disease`, `is_delete`, `disease_name`, `board`, `medium`, `standard`, `school`, `city`, `refered_by`, `address`, `created_by`, `created_on`, `status`, `created`, `modified`) VALUES
(1,	'P-30140-20180601',	1,	'rahul',	'Admane',	'Ashok',	'Rekha',	'rahul@gmail.com',	9834564545,	'Male',	'2018-01-09',	'	00 Year, 04 Months, 23 Days Old',	'A+',	'No',	'No',	'',	'HSSC',	'English',	'KG 1',	'bhavans',	2,	'Dr. shri',	'Laxminagar',	1,	'2018-06-01',	'Active',	'2018-06-01 10:40:07',	'0000-00-00 00:00:00'),
(2,	'P-18326-20180602',	1,	'ashwin',	'Sir',	'',	'',	'',	9834567899,	'Male',	'2018-06-02',	'	00 Year, 00 Months, 0 Days Old',	'A+',	'',	'No',	'',	'0',	'0',	'0',	'',	0,	'',	'',	1,	'2018-06-02',	'Active',	'2018-06-02 16:04:18',	'0000-00-00 00:00:00'),
(3,	'P-894-20180602',	1,	'harshali',	'Bawane',	'',	'',	'',	9887665545,	'Male',	'2018-06-02',	'	00 Year, 00 Months, 0 Days Old',	'A+',	'',	'No',	'',	'0',	'0',	'0',	'',	0,	'',	'',	1,	'2018-06-02',	'Active',	'2018-06-02 16:18:10',	'0000-00-00 00:00:00'),
(4,	'P-21278-20180604',	1,	'rishabh',	'parate',	'',	'',	'',	9875888888,	'Male',	'2018-06-01',	'03 Year, 00 Months, 3 Days Old',	'0',	'',	'No',	'N/A',	'0',	'0',	'0',	'',	NULL,	NULL,	'',	17,	'2018-06-04',	'Active',	'2018-06-04 12:27:24',	'0000-00-00 00:00:00'),
(5,	'P-27033-20180604',	1,	'swati',	'jain',	'',	'',	'',	9834554554,	'Male',	'2018-06-01',	'06 Year, 00 Months, 3 Days Old',	'0',	'',	'No',	'N/A',	'0',	'0',	'0',	'',	NULL,	NULL,	'',	17,	'2018-06-04',	'Active',	'2018-06-04 12:46:55',	'0000-00-00 00:00:00'),
(6,	'P-18716-20180604',	1,	'annu',	'jain',	'',	'',	'',	9885666767,	'Male',	'2018-06-01',	'09 Year, 00 Months, 3 Days Old',	'0',	'',	'No',	'N/A',	'0',	'0',	'0',	'',	NULL,	NULL,	'',	17,	'2018-06-04',	'Active',	'2018-06-04 12:47:31',	'0000-00-00 00:00:00'),
(7,	'P-16657-20180604',	1,	'ashwin',	'Jain',	'Ashok',	'Rekha',	'ashwin@gmail.com',	9865655456,	'Male',	'2018-05-01',	'	10 Year, 01 Months, 3 Days Old',	'A+',	'No',	'No',	'',	'CBSE',	'English',	'KG 2',	'bhavans',	2,	'Dr. sharma',	'Address',	1,	'2018-06-04',	'Active',	'2018-06-04 15:44:35',	'0000-00-00 00:00:00'),
(8,	'P-16709-20180605',	1,	'janvi',	'mishra',	'',	'',	'janvi@gmail.com',	9834587766,	'Male',	'2018-04-01',	'02 Year, 02 Months, 4 Days Old',	'0',	'',	'No',	'N/A',	'0',	'0',	'0',	'',	NULL,	NULL,	'',	2,	'2018-06-05',	'Active',	'2018-06-05 12:13:20',	'0000-00-00 00:00:00'),
(9,	'P-4143-20180605',	1,	'tanu',	'Jain',	'',	'',	'',	9887645353,	'Female',	'2018-06-01',	'	04 Year, 00 Months, 4 Days Old',	'A+',	'',	'No',	'',	'0',	'0',	'0',	'',	0,	'Dr. sharma',	'',	1,	'2018-06-05',	'Active',	'2018-06-05 14:26:00',	'0000-00-00 00:00:00'),
(10,	'P-5577-20180605',	1,	'savi',	'sharma',	'',	'',	'',	9887664546,	'Female',	'2018-06-01',	'14 Year, 00 Months, 4 Days Old',	'0',	'',	'No',	'N/A',	'0',	'0',	'0',	'',	NULL,	NULL,	'',	2,	'2018-06-05',	'Active',	'2018-06-05 02:27:43',	'0000-00-00 00:00:00'),
(11,	'P-19064-20180605',	1,	'jeni',	'winget',	'',	'',	'jeni@gmail.com',	9856757567,	'Male',	'2018-05-01',	'00 Year, 01 Months, 4 Days Old',	'0',	'',	'No',	'N/A',	'0',	'0',	'0',	'',	NULL,	NULL,	'',	1,	'2018-06-05',	'Active',	'2018-06-05 03:25:34',	'0000-00-00 00:00:00'),
(12,	'P-7675-20180605',	1,	'vani',	'jain',	'',	'',	'',	9887669876,	'Female',	'2018-05-01',	'00 Year, 01 Months, 4 Days Old',	'0',	'',	'No',	'N/A',	'0',	'0',	'0',	'',	NULL,	NULL,	'',	17,	'2018-06-05',	'Active',	'2018-06-05 03:50:20',	'0000-00-00 00:00:00'),
(13,	'P-32620-20180609',	1,	'mahi',	'mahi',	'ashok',	'rekha',	'mahi@gmail.com',	9876543210,	'Female',	'2015-08-06',	'02 Year, 10 Months, 3 Days Old',	'AB  ',	'No',	'No',	'N/A',	'SSC',	'English',	'Std 1',	'bhavans',	NULL,	NULL,	'cx',	17,	'2018-06-09',	'Active',	'2018-06-09 01:09:57',	'0000-00-00 00:00:00');

DROP TABLE IF EXISTS `mst_products`;
CREATE TABLE `mst_products` (
  `id` int(11) NOT NULL AUTO_INCREMENT,
  `mst_product_categories_id` int(11) NOT NULL,
  `product_name` varchar(255) NOT NULL,
  `description` text NOT NULL,
  `actual_quantity` int(11) NOT NULL,
  `quantity` int(11) NOT NULL,
  `price` varchar(255) NOT NULL,
  `status` enum('Active','Inactive') NOT NULL,
  `created` datetime NOT NULL,
  `modified` datetime NOT NULL,
  PRIMARY KEY (`id`)
) ENGINE=InnoDB DEFAULT CHARSET=latin1;

INSERT INTO `mst_products` (`id`, `mst_product_categories_id`, `product_name`, `description`, `actual_quantity`, `quantity`, `price`, `status`, `created`, `modified`) VALUES
(1,	1,	'Dolls',	'plastic doll',	10,	45,	'50',	'Active',	'2018-03-01 13:26:18',	'2018-03-01 13:26:18'),
(2,	1,	'bat',	'leather bat',	30,	60,	'300',	'Active',	'2018-02-28 18:51:54',	'2018-02-28 18:51:54'),
(3,	2,	'Puzzle',	'This is Magnetic Car',	10,	120,	'20',	'Active',	'2018-03-01 14:36:18',	'2018-03-01 14:36:18'),
(4,	3,	'Puzzle',	'kids puzzle',	5,	20,	'200',	'Active',	'2018-03-01 14:21:14',	'2018-03-01 14:21:14'),
(5,	1,	'Puzzle',	'kids puzzle',	10,	10,	'600',	'Active',	'2018-03-01 10:06:13',	'2018-03-01 10:06:13'),
(6,	1,	'Monkey',	'monkey',	10,	10,	'200',	'Active',	'2018-03-01 15:00:54',	'2018-03-01 15:00:54'),
(7,	2,	'Monkey',	'ghg',	10,	10,	'300',	'Active',	'2018-03-01 15:11:04',	'2018-03-01 15:11:04'),
(8,	3,	'Monkey',	'aa',	10,	10,	'400',	'Active',	'2018-03-01 15:11:40',	'2018-03-01 15:11:40'),
(9,	2,	'Bat',	'bat',	30,	30,	'100',	'Active',	'2018-03-01 15:13:50',	'2018-03-01 15:13:50'),
(10,	3,	'Bat',	'bat',	10,	10,	'200',	'Active',	'2018-03-01 15:15:13',	'2018-03-01 15:15:13'),
(11,	3,	'Lan',	'lan',	0,	5,	'10',	'Active',	'2018-06-01 13:25:37',	'2018-06-01 13:25:37');

DROP TABLE IF EXISTS `mst_product_categories`;
CREATE TABLE `mst_product_categories` (
  `id` int(11) NOT NULL AUTO_INCREMENT,
  `product_category_name` varchar(255) NOT NULL,
  `status` enum('Active','Inactive') NOT NULL,
  `created` datetime NOT NULL,
  `modified` datetime NOT NULL,
  PRIMARY KEY (`id`)
) ENGINE=InnoDB DEFAULT CHARSET=latin1;

INSERT INTO `mst_product_categories` (`id`, `product_category_name`, `status`, `created`, `modified`) VALUES
(1,	'toys',	'Active',	'2018-02-28 14:33:44',	'2018-02-28 14:33:44'),
(2,	'hardwares',	'Active',	'2018-02-28 14:34:21',	'2018-02-28 14:34:21'),
(3,	'Games',	'Active',	'2018-03-09 09:12:10',	'2018-03-09 09:12:10');

DROP TABLE IF EXISTS `mst_product_inventory`;
CREATE TABLE `mst_product_inventory` (
  `id` int(11) NOT NULL AUTO_INCREMENT,
  `mst_product_id` int(11) NOT NULL,
  `quantity` int(11) NOT NULL,
  `price` varchar(255) NOT NULL,
  `status` enum('Active','Inactive') NOT NULL,
  `created` datetime NOT NULL,
  `modified` datetime NOT NULL,
  PRIMARY KEY (`id`)
) ENGINE=InnoDB DEFAULT CHARSET=latin1;

INSERT INTO `mst_product_inventory` (`id`, `mst_product_id`, `quantity`, `price`, `status`, `created`, `modified`) VALUES
(1,	1,	10,	'20',	'Active',	'2018-02-28 17:58:03',	'2018-02-28 17:58:03'),
(2,	1,	5,	'20',	'Active',	'2018-02-28 17:59:28',	'2018-02-28 17:59:28'),
(3,	1,	5,	'50',	'Active',	'2018-02-28 18:00:28',	'2018-02-28 18:00:28'),
(4,	2,	30,	'300',	'Active',	'2018-02-28 18:42:23',	'2018-02-28 18:42:23'),
(5,	2,	10,	'400',	'Active',	'2018-02-28 18:44:29',	'2018-02-28 18:44:29'),
(6,	2,	10,	'100',	'Active',	'2018-02-28 18:45:56',	'2018-02-28 18:45:56'),
(7,	2,	10,	'200',	'Active',	'2018-02-28 18:51:54',	'2018-02-28 18:51:54'),
(8,	3,	10,	'25',	'Active',	'2018-02-28 19:25:01',	'2018-02-28 19:25:01'),
(9,	3,	20,	'30',	'Active',	'2018-02-28 19:31:12',	'2018-02-28 19:31:12'),
(10,	3,	10,	'20',	'Active',	'2018-02-28 19:49:57',	'2018-02-28 19:49:57'),
(11,	3,	10,	'30',	'Active',	'2018-02-28 19:50:03',	'2018-02-28 19:50:03'),
(12,	3,	10,	'40',	'Active',	'2018-02-28 19:51:33',	'2018-02-28 19:51:33'),
(13,	3,	10,	'25',	'Active',	'2018-02-28 19:52:20',	'2018-02-28 19:52:20'),
(14,	3,	10,	'30',	'Active',	'2018-02-28 19:52:36',	'2018-02-28 19:52:36'),
(15,	3,	10,	'40',	'Active',	'2018-02-28 19:53:07',	'2018-02-28 19:53:07'),
(16,	3,	10,	'',	'Active',	'2018-02-28 19:54:07',	'2018-02-28 19:54:07'),
(17,	3,	10,	'20',	'Active',	'2018-02-28 19:55:25',	'2018-02-28 19:55:25'),
(18,	3,	10,	'20',	'Active',	'2018-02-28 19:55:35',	'2018-02-28 19:55:35'),
(19,	4,	5,	'50',	'Active',	'2018-03-01 09:58:20',	'2018-03-01 09:58:20'),
(20,	5,	10,	'600',	'Active',	'2018-03-01 10:06:13',	'2018-03-01 10:06:13'),
(21,	4,	10,	'100',	'Active',	'2018-03-01 14:19:13',	'2018-03-01 14:19:13'),
(22,	4,	5,	'200',	'Active',	'2018-03-01 14:21:14',	'2018-03-01 14:21:14'),
(23,	6,	10,	'200',	'Active',	'2018-03-01 14:52:41',	'2018-03-01 14:52:41'),
(24,	7,	10,	'300',	'Active',	'2018-03-01 15:11:04',	'2018-03-01 15:11:04'),
(25,	8,	10,	'400',	'Active',	'2018-03-01 15:11:31',	'2018-03-01 15:11:31'),
(26,	9,	30,	'100',	'Active',	'2018-03-01 15:13:50',	'2018-03-01 15:13:50'),
(27,	10,	10,	'200',	'Active',	'2018-03-01 15:15:00',	'2018-03-01 15:15:00'),
(28,	11,	5,	'10',	'Active',	'2018-06-01 13:25:39',	'2018-06-01 13:25:39');

DROP TABLE IF EXISTS `mst_provisional_impression`;
CREATE TABLE `mst_provisional_impression` (
  `id` int(11) NOT NULL AUTO_INCREMENT,
  `title` varchar(255) NOT NULL,
  `description` varchar(255) NOT NULL,
  `status` enum('Active','Inactive') NOT NULL DEFAULT 'Active',
  `created` datetime NOT NULL,
  `modified` datetime NOT NULL,
  PRIMARY KEY (`id`)
) ENGINE=InnoDB DEFAULT CHARSET=latin1;

INSERT INTO `mst_provisional_impression` (`id`, `title`, `description`, `status`, `created`, `modified`) VALUES
(1,	'test',	'Lorem Ipsum is simply dummy text of the printing and typesetting industry. Lorem Ipsum has been the industry\'s standard dummy text ever since the 1500s, when an unknown printer took a galley of type and scrambled it to make a type specimen book. It has su',	'Active',	'2018-03-29 14:30:14',	'0000-00-00 00:00:00'),
(2,	'demo',	' It was popularised in the 1960s with the release of Letraset sheets containing Lorem Ipsum passages, and more recently with desktop publishing software like Aldus PageMaker including versions of Lorem Ipsum. Contrary to popular belief, Lorem Ipsum is not',	'Active',	'2018-03-29 14:31:04',	'0000-00-00 00:00:00'),
(3,	'Dummy',	'Lorem Ipsum is simply dummy text of the printing and typesetting industry. Lorem Ipsum has been the industry\'s standard dummy text ever since the 1500s, when an unknown printer took a galley of type and scrambled it to make a type specimen book. It has su',	'Active',	'2018-03-29 14:49:43',	'0000-00-00 00:00:00'),
(4,	'Test 1',	'Contrary to popular belief, Lorem Ipsum is not simply random text. It has roots in a piece of classical Latin literature from 45 BC, making it over 2000 years old. Richard McClintock, a Latin professor at Hampden-Sydney College in Virginia, looked up one ',	'Active',	'2018-04-14 12:21:47',	'2018-04-14 12:21:47'),
(5,	'Testing',	'',	'Active',	'2018-05-05 10:04:59',	'0000-00-00 00:00:00'),
(6,	'Tests',	'',	'Active',	'2018-05-05 10:08:26',	'0000-00-00 00:00:00');

DROP TABLE IF EXISTS `mst_questions`;
CREATE TABLE `mst_questions` (
  `id` int(11) NOT NULL AUTO_INCREMENT,
  `age_id` int(11) NOT NULL,
  `subtest_id` int(11) NOT NULL,
  `question` varchar(255) NOT NULL,
  `status` enum('Active','Inactive') NOT NULL,
  `created` datetime NOT NULL,
  `modified` datetime NOT NULL,
  PRIMARY KEY (`id`)
) ENGINE=InnoDB DEFAULT CHARSET=latin1;

INSERT INTO `mst_questions` (`id`, `age_id`, `subtest_id`, `question`, `status`, `created`, `modified`) VALUES
(1,	2,	4,	'what is your favourate  game..?',	'Active',	'2018-02-08 15:48:15',	'2018-02-08 15:48:15'),
(2,	3,	4,	'what is your name..?',	'Active',	'2018-02-08 15:50:44',	'2018-02-08 15:50:44'),
(3,	2,	5,	'what is your problem..?',	'Active',	'2018-02-08 15:51:48',	'2018-02-08 15:51:48'),
(4,	3,	5,	'what is your favorate poem..?',	'Active',	'2018-02-17 17:26:13',	'2018-02-17 17:26:13');

DROP TABLE IF EXISTS `mst_questions_answers`;
CREATE TABLE `mst_questions_answers` (
  `id` int(11) NOT NULL AUTO_INCREMENT,
  `age_id` int(11) NOT NULL,
  `subtest_id` int(11) NOT NULL,
  `question_id` int(11) NOT NULL,
  `options` varchar(255) NOT NULL,
  `description` text NOT NULL,
  `percentage` varchar(255) NOT NULL,
  `gender_type` enum('He','She') NOT NULL,
  `status` enum('Active','Inactive') NOT NULL,
  `created` datetime NOT NULL,
  PRIMARY KEY (`id`)
) ENGINE=InnoDB DEFAULT CHARSET=latin1;

INSERT INTO `mst_questions_answers` (`id`, `age_id`, `subtest_id`, `question_id`, `options`, `description`, `percentage`, `gender_type`, `status`, `created`) VALUES
(1,	2,	4,	1,	'May be',	'\r\nParagraph\r\n\r\nLorem ipsum dolor sit amet, consectetuer adipiscing elit. Donec odio. Quisque volutpat mattis eros. Nullam malesuada erat ut turpis. Suspendisse urna nibh, viverra non, semper suscipit, posuere a, pede.',	'60',	'He',	'Active',	'2018-02-08 15:48:15'),
(2,	2,	4,	1,	'May not be',	'\r\nParagraph\r\n\r\nLorem ipsum dolor sit amet, consectetuer adipiscing elit. Donec odio. Quisque volutpat mattis eros. Nullam malesuada erat ut turpis. Suspendisse urna nibh, viverra non, semper suscipit, posuere a, pede.',	'20',	'He',	'Active',	'2018-02-08 15:48:15'),
(3,	2,	4,	1,	'Can\'t',	'\r\nParagraph\r\n\r\nLorem ipsum dolor sit amet, consectetuer adipiscing elit. Donec odio. Quisque volutpat mattis eros. Nullam malesuada erat ut turpis. Suspendisse urna nibh, viverra non, semper suscipit, posuere a, pede.',	'20',	'He',	'Active',	'2018-02-08 15:48:15'),
(4,	2,	4,	1,	'May be',	'Morbi in sem quis dui placerat ornare. Pellentesque odio nisi, euismod in, pharetra ',	'70',	'She',	'Active',	'2018-02-08 15:48:15'),
(5,	2,	4,	1,	'May not be',	'Morbi in sem quis dui placerat ornare. Pellentesque odio nisi, euismod in, pharetra ',	'20',	'She',	'Active',	'2018-02-08 15:48:15'),
(6,	2,	4,	1,	'Can\'t',	'Morbi in sem quis dui placerat ornare. Pellentesque odio nisi, euismod in, pharetra ',	'10',	'She',	'Active',	'2018-02-08 15:48:15'),
(13,	3,	4,	2,	'May be',	'Donec consectetuer ligula vulputate sem tristique cursus. Nam nulla quam, gravida non, commodo a, sodales sit amet, nisi.\r\n\r\nLorem ipsum dolor sit amet, consectetuer adipiscing elit. Donec odio. Quisque volutpat mattis eros. Nullam malesuada erat ut turpis. Suspendisse urna nibh, viverra non, semper suscipit, posuere a, pede.',	'60',	'He',	'Active',	'2018-02-08 15:50:44'),
(14,	3,	4,	2,	'May not be',	'ParagraphDonec consectetuer ligula vulputate sem tristique cursus. Nam nulla quam, gravida non, commodo a, sodales sit amet, nisi.\r\n\r\nLorem ipsum dolor sit amet, consectetuer adipiscing elit. Donec odio. Quisque volutpat mattis eros. Nullam malesuada erat ut turpis. Suspendisse urna nibh, viverra non, semper suscipit, posuere a, pede.',	'20',	'He',	'Active',	'2018-02-08 15:50:44'),
(15,	3,	4,	2,	'Can\'t',	'Paragraph\r\nDonec consectetuer ligula vulputate sem tristique cursus. Nam nulla quam, gravida non, commodo a, sodales sit amet, nisi.\r\nLorem ipsum dolor sit amet, consectetuer adipiscing elit. Donec odio. Quisque volutpat mattis eros. Nullam malesuada erat ut turpis. Suspendisse urna nibh, viverra non, semper suscipit, posuere a, pede.',	'20',	'He',	'Active',	'2018-02-08 15:50:44'),
(16,	3,	4,	2,	'May be',	'Morbi in sem quis dui placerat ornare. Pellentesque odio nisi, euismod in, pharetra ',	'70',	'She',	'Active',	'2018-02-08 15:50:44'),
(17,	3,	4,	2,	'May not be',	'Morbi in sem quis dui placerat ornare. Pellentesque odio nisi, euismod in, pharetra ',	'20',	'She',	'Active',	'2018-02-08 15:50:44'),
(18,	3,	4,	2,	'Can\'t',	'Morbi in sem quis dui placerat ornare. Pellentesque odio nisi, euismod in, pharetra ',	'10',	'She',	'Active',	'2018-02-08 15:50:44'),
(19,	2,	5,	3,	'May be',	'Donec consectetuer ligula vulputate sem tristique cursus. Nam nulla quam, gravida non, commodo a, sodales sit amet, nisi.',	'30',	'He',	'Active',	'2018-02-08 15:51:48'),
(20,	2,	5,	3,	'May not be',	'Donec consectetuer ligula vulputate sem tristique cursus. Nam nulla quam, gravida non, commodo a, sodales sit amet, nisi.',	'20',	'He',	'Active',	'2018-02-08 15:51:48'),
(21,	2,	5,	3,	'Can\'t',	'Donec consectetuer ligula vulputate sem tristique cursus. Nam nulla quam, gravida non, commodo a, sodales sit amet, nisi.',	'50',	'He',	'Active',	'2018-02-08 15:51:48'),
(22,	2,	5,	3,	'May be',	'Praesent dapibus, neque id cursus faucibus, tortor neque egestas auguae, eu vulputate magna eros eu erat. ',	'30',	'She',	'Active',	'2018-02-08 15:51:48'),
(23,	2,	5,	3,	'May not be',	'Praesent dapibus, neque id cursus faucibus, tortor neque egestas auguae, eu vulputate magna eros eu erat. ',	'40',	'She',	'Active',	'2018-02-08 15:51:48'),
(24,	2,	5,	3,	'Can\'t',	'Praesent dapibus, neque id cursus faucibus, tortor neque egestas auguae, eu vulputate magna eros eu erat. ',	'30',	'She',	'Active',	'2018-02-08 15:51:48'),
(25,	3,	5,	4,	'May be',	'Praesent dapibus, neque id cursus faucibus, tortor neque egestas auguae, eu vulputate magna eros eu erat. ',	'40',	'He',	'Active',	'2018-02-08 15:53:14'),
(26,	3,	5,	4,	'May not be',	'Aliquam porttitor mauris sit amet orci. Aenean dignissim pellentesque felis.',	'40',	'He',	'Active',	'2018-02-08 15:53:14'),
(27,	3,	5,	4,	'Can\'t',	'Aliquam porttitor mauris sit amet orci. Aenean dignissim pellentesque felis.',	'20',	'He',	'Active',	'2018-02-08 15:53:14'),
(28,	3,	5,	4,	'May be',	'Praesent dapibus, neque id cursus faucibus, tortor neque egestas auguae, eu vulputate magna eros eu',	'35',	'She',	'Active',	'2018-02-08 15:53:14'),
(29,	3,	5,	4,	'May not be',	'Praesent dapibus, neque id cursus faucibus, tortor neque egestas auguae, eu vulputate magna eros eu',	'35',	'She',	'Active',	'2018-02-08 15:53:14'),
(30,	3,	5,	4,	'Can\'t',	'Praesent dapibus, neque id cursus faucibus, tortor neque egestas auguae, eu vulputate magna eros eu',	'30',	'She',	'Active',	'2018-02-08 15:53:14');

DROP TABLE IF EXISTS `mst_questions_test`;
CREATE TABLE `mst_questions_test` (
  `id` int(11) NOT NULL AUTO_INCREMENT,
  `domain_name` varchar(255) NOT NULL,
  `remarks` text NOT NULL,
  `status` enum('Active','Inactive') NOT NULL DEFAULT 'Active',
  `created` datetime NOT NULL,
  `modified` datetime NOT NULL,
  PRIMARY KEY (`id`)
) ENGINE=InnoDB DEFAULT CHARSET=latin1;

INSERT INTO `mst_questions_test` (`id`, `domain_name`, `remarks`, `status`, `created`, `modified`) VALUES
(1,	'Cognitive',	'can gaze continuously at an object for at least 3 secs',	'Active',	'2018-03-07 18:06:04',	'2018-03-07 18:06:04'),
(2,	'Cognitive',	'can change expression to indicate recognition of caregiver',	'Active',	'2018-03-07 18:06:04',	'2018-03-07 18:06:04'),
(3,	'Cognitive',	'can display anticipatory excitement of being picked up.',	'Active',	'2018-03-07 18:06:04',	'2018-03-07 18:06:04'),
(4,	'Cognitive',	'can regard object continuously for at least 5 secs.',	'Active',	'2018-03-07 18:06:04',	'2018-03-07 18:06:04'),
(5,	'Cognitive',	'can habituate within 30 secs, displaying decrease in attention & concentration',	'Active',	'2018-03-07 18:06:04',	'2018-03-07 18:06:04'),
(6,	'Cognitive',	'can look longer at ball than balloons in both presentations',	'Active',	'2018-03-07 18:06:04',	'2018-03-07 18:06:04'),
(7,	'Receptive Communication',	'can calm when spoken to',	'Active',	'2018-03-07 18:07:56',	'2018-03-07 18:07:56'),
(8,	'Receptive Communication',	'can clearly react to the sound presented',	'Active',	'2018-03-07 18:07:56',	'2018-03-07 18:07:56'),
(9,	'Receptive Communication',	'can clearly respond to the person’s voice',	'Active',	'2018-03-07 18:07:56',	'2018-03-07 18:07:56'),
(10,	'Receptive Communication',	'can purposely turn head towards the source of sound',	'Active',	'2018-03-07 18:07:56',	'2018-03-07 18:07:56'),
(11,	'Receptive Communication',	'can clearly respond to the sound of the rattle',	'Active',	'2018-03-07 18:07:56',	'2018-03-07 18:07:56'),
(12,	'Receptive Communication',	'can interact with the objects for at least 60 secs',	'Active',	'2018-03-07 18:07:56',	'2018-03-07 18:07:56'),
(13,	'Expressive Communication',	'can smile in response to speaker’s attention',	'Active',	'2018-03-07 18:09:15',	'2018-03-07 18:09:15'),
(14,	'Expressive Communication',	'can produce vocalizations that express at least one mood',	'Active',	'2018-03-07 18:09:15',	'2018-03-07 18:09:15'),
(15,	'Expressive Communication',	'can produce nasal vocalizations',	'Active',	'2018-03-07 18:09:15',	'2018-03-07 18:09:15'),
(16,	'Expressive Communication',	'can vocalize or laugh in response to speaker’s attention',	'Active',	'2018-03-07 18:09:15',	'2018-03-07 18:09:15'),
(17,	'Expressive Communication',	'can vocalize at least two different, distinct vowel sounds',	'Active',	'2018-03-07 18:09:15',	'2018-03-07 18:09:15'),
(18,	'Expressive Communication',	'can try to get attention from you or others',	'Active',	'2018-03-07 18:09:15',	'2018-03-07 18:09:15'),
(19,	'Fine Motor',	'can follow moving person through midline to left and right',	'Active',	'2018-03-07 18:10:09',	'2018-03-07 18:10:09'),
(20,	'Fine Motor',	'can follow ring through one complete excursion',	'Active',	'2018-03-07 18:10:09',	'2018-03-07 18:10:09'),
(21,	'Fine Motor',	'can purposely attempt to place his hand in mouth',	'Active',	'2018-03-07 18:10:09',	'2018-03-07 18:10:09'),
(22,	'Fine Motor',	'can retain ring for at least 2 seconds',	'Active',	'2018-03-07 18:10:09',	'2018-03-07 18:10:09'),
(23,	'Fine Motor',	'can follow ring through one complete excursion',	'Active',	'2018-03-07 18:10:09',	'2018-03-07 18:10:09'),
(24,	'Fine Motor',	'can use at least one hand to grasp ring for at least 2 secs',	'Active',	'2018-03-07 18:10:09',	'2018-03-07 18:10:09'),
(25,	'Gross Motor',	'can intermittently lift head free of caretaker’s shoulder without support',	'Active',	'2018-03-07 18:11:13',	'2018-03-07 18:11:13'),
(26,	'Gross Motor',	'can hold head erect for at least 3 secs without support',	'Active',	'2018-03-07 18:11:13',	'2018-03-07 18:11:13'),
(27,	'Gross Motor',	'can turn head from one side to the other by raising his head off the supporting surface enough to clear the nose and on both the sides',	'Active',	'2018-03-07 18:11:13',	'2018-03-07 18:11:13'),
(28,	'Gross Motor',	'can make alternating crawling movements with his legs',	'Active',	'2018-03-07 18:11:13',	'2018-03-07 18:11:13'),
(29,	'Gross Motor',	'can hold head erect and steady for at least 15 secs without support',	'Active',	'2018-03-07 18:11:13',	'2018-03-07 18:11:13'),
(30,	'Gross Motor',	'can elevate head and upper trunk by pushing up on elbows or forearms',	'Active',	'2018-03-07 18:11:13',	'2018-03-07 18:11:13');

DROP TABLE IF EXISTS `mst_recommendations`;
CREATE TABLE `mst_recommendations` (
  `id` int(11) NOT NULL AUTO_INCREMENT,
  `title` varchar(255) NOT NULL,
  `status` enum('Active','Inactive') NOT NULL,
  `created` datetime NOT NULL,
  `modified` datetime NOT NULL,
  PRIMARY KEY (`id`)
) ENGINE=InnoDB DEFAULT CHARSET=latin1;

INSERT INTO `mst_recommendations` (`id`, `title`, `status`, `created`, `modified`) VALUES
(1,	'demo',	'Active',	'2018-02-21 09:28:07',	'2018-02-21 09:28:54'),
(2,	'test',	'Active',	'2018-04-14 17:50:56',	'2018-04-14 17:50:56');

DROP TABLE IF EXISTS `mst_references_by`;
CREATE TABLE `mst_references_by` (
  `id` int(11) NOT NULL AUTO_INCREMENT,
  `title` varchar(255) NOT NULL,
  `doctor_name` varchar(255) NOT NULL,
  `designation` varchar(255) NOT NULL,
  `email` varchar(255) NOT NULL,
  `mobile` bigint(20) NOT NULL,
  `status` enum('Active','Inactive') NOT NULL,
  `created` datetime NOT NULL,
  `modified` datetime NOT NULL,
  PRIMARY KEY (`id`)
) ENGINE=InnoDB DEFAULT CHARSET=latin1;

INSERT INTO `mst_references_by` (`id`, `title`, `doctor_name`, `designation`, `email`, `mobile`, `status`, `created`, `modified`) VALUES
(1,	'tested',	'testing doctor',	'Doctor',	'testing@gmail.com',	9874645212,	'Active',	'2018-02-21 15:18:06',	'2018-02-21 15:18:06'),
(2,	'Demo',	'dummy doctor',	'Senior Doctor ',	'dumy@gmail.com',	8853446622,	'Active',	'2018-02-21 15:18:58',	'2018-02-21 15:18:58'),
(3,	'testing',	'tested doctor',	'Junior Doctor',	'doctor@gmail.com',	9822433155,	'Active',	'2018-02-22 18:20:20',	'2018-02-22 18:20:20'),
(4,	'Dr.',	'Dinesh',	'BMS',	'dinesh@gail.com',	9970813586,	'Active',	'2018-03-28 11:24:35',	'2018-03-28 11:24:35'),
(5,	'tets',	'aksh',	'lollo',	'',	876,	'Active',	'2018-05-07 16:57:32',	'2018-05-07 16:57:32');

DROP TABLE IF EXISTS `mst_reference_profile`;
CREATE TABLE `mst_reference_profile` (
  `id` int(11) NOT NULL AUTO_INCREMENT,
  `domain_name` varchar(255) NOT NULL,
  `dasi_parameter_id` int(11) NOT NULL,
  `min_month` int(11) NOT NULL,
  `min_day` int(11) NOT NULL,
  `max_month` int(11) NOT NULL,
  `max_day` int(11) NOT NULL,
  `percentiles` int(11) NOT NULL,
  `parameters` int(11) NOT NULL,
  `status` enum('Active','Inactive') NOT NULL,
  `created` datetime NOT NULL,
  `modified` datetime NOT NULL,
  PRIMARY KEY (`id`)
) ENGINE=InnoDB DEFAULT CHARSET=latin1;

INSERT INTO `mst_reference_profile` (`id`, `domain_name`, `dasi_parameter_id`, `min_month`, `min_day`, `max_month`, `max_day`, `percentiles`, `parameters`, `status`, `created`, `modified`) VALUES
(1,	'Dasii Motor',	1,	1,	0,	1,	12,	10,	3,	'Active',	'2018-04-09 13:10:33',	'2018-04-09 13:10:33'),
(2,	'Dasii Motor',	1,	1,	0,	1,	12,	25,	4,	'Active',	'2018-04-09 13:10:33',	'2018-04-09 13:10:33'),
(3,	'Dasii Motor',	1,	1,	0,	1,	12,	50,	5,	'Active',	'2018-04-09 13:10:33',	'2018-04-09 13:10:33'),
(4,	'Dasii Motor',	1,	1,	0,	1,	12,	75,	5,	'Active',	'2018-04-09 13:10:33',	'2018-04-09 13:10:33'),
(5,	'Dasii Motor',	1,	1,	0,	1,	12,	90,	6,	'Active',	'2018-04-09 13:10:33',	'2018-04-09 13:10:33'),
(6,	'Dasii Motor',	2,	1,	0,	1,	12,	10,	5,	'Active',	'2018-04-09 13:11:54',	'2018-04-09 13:11:54'),
(7,	'Dasii Motor',	2,	1,	0,	1,	12,	25,	5,	'Active',	'2018-04-09 13:11:54',	'2018-04-09 13:11:54'),
(8,	'Dasii Motor',	2,	1,	0,	1,	12,	50,	6,	'Active',	'2018-04-09 13:11:54',	'2018-04-09 13:11:54'),
(9,	'Dasii Motor',	2,	1,	0,	1,	12,	75,	6,	'Active',	'2018-04-09 13:11:54',	'2018-04-09 13:11:54'),
(10,	'Dasii Motor',	2,	1,	0,	1,	12,	90,	7,	'Active',	'2018-04-09 13:11:54',	'2018-04-09 13:11:54'),
(11,	'Dasii Motor',	3,	1,	0,	1,	12,	10,	1,	'Active',	'2018-04-09 13:13:09',	'2018-04-09 13:13:09'),
(12,	'Dasii Motor',	3,	1,	0,	1,	12,	25,	1,	'Active',	'2018-04-09 13:13:10',	'2018-04-09 13:13:10'),
(13,	'Dasii Motor',	3,	1,	0,	1,	12,	50,	1,	'Active',	'2018-04-09 13:13:10',	'2018-04-09 13:13:10'),
(14,	'Dasii Motor',	3,	1,	0,	1,	12,	75,	1,	'Active',	'2018-04-09 13:13:10',	'2018-04-09 13:13:10'),
(15,	'Dasii Motor',	3,	1,	0,	1,	12,	90,	1,	'Active',	'2018-04-09 13:13:10',	'2018-04-09 13:13:10'),
(16,	'Dasii Motor',	4,	1,	0,	1,	12,	10,	0,	'Active',	'2018-04-09 13:14:14',	'2018-04-09 13:14:14'),
(17,	'Dasii Motor',	4,	1,	0,	1,	12,	25,	0,	'Active',	'2018-04-09 13:14:14',	'2018-04-09 13:14:14'),
(18,	'Dasii Motor',	4,	1,	0,	1,	12,	50,	0,	'Active',	'2018-04-09 13:14:14',	'2018-04-09 13:14:14'),
(19,	'Dasii Motor',	4,	1,	0,	1,	12,	75,	0,	'Active',	'2018-04-09 13:14:14',	'2018-04-09 13:14:14'),
(20,	'Dasii Motor',	4,	1,	0,	1,	12,	90,	0,	'Active',	'2018-04-09 13:14:14',	'2018-04-09 13:14:14'),
(21,	'Dasii Motor',	5,	1,	0,	1,	12,	10,	0,	'Active',	'2018-04-09 13:15:08',	'2018-04-09 13:15:08'),
(22,	'Dasii Motor',	5,	1,	0,	1,	12,	25,	1,	'Active',	'2018-04-09 13:15:08',	'2018-04-09 13:15:08'),
(23,	'Dasii Motor',	5,	1,	0,	1,	12,	50,	1,	'Active',	'2018-04-09 13:15:08',	'2018-04-09 13:15:08'),
(24,	'Dasii Motor',	5,	1,	0,	1,	12,	75,	1,	'Active',	'2018-04-09 13:15:08',	'2018-04-09 13:15:08'),
(25,	'Dasii Motor',	5,	1,	0,	1,	12,	90,	2,	'Active',	'2018-04-09 13:15:08',	'2018-04-09 13:15:08'),
(26,	'Dasii Motor',	1,	1,	15,	4,	12,	10,	6,	'Active',	'2018-04-09 13:16:21',	'2018-04-09 13:16:21'),
(27,	'Dasii Motor',	1,	1,	15,	4,	12,	25,	6,	'Active',	'2018-04-09 13:16:21',	'2018-04-09 13:16:21'),
(28,	'Dasii Motor',	1,	1,	15,	4,	12,	50,	7,	'Active',	'2018-04-09 13:16:21',	'2018-04-09 13:16:21'),
(29,	'Dasii Motor',	1,	1,	15,	4,	12,	75,	7,	'Active',	'2018-04-09 13:16:21',	'2018-04-09 13:16:21'),
(30,	'Dasii Motor',	1,	1,	15,	4,	12,	90,	7,	'Active',	'2018-04-09 13:16:21',	'2018-04-09 13:16:21'),
(31,	'Dasii Motor',	2,	1,	15,	4,	12,	10,	6,	'Active',	'2018-04-09 13:17:15',	'2018-04-09 13:17:15'),
(32,	'Dasii Motor',	2,	1,	15,	4,	12,	25,	7,	'Active',	'2018-04-09 13:17:15',	'2018-04-09 13:17:15'),
(33,	'Dasii Motor',	2,	1,	15,	4,	12,	50,	8,	'Active',	'2018-04-09 13:17:15',	'2018-04-09 13:17:15'),
(34,	'Dasii Motor',	2,	1,	15,	4,	12,	75,	9,	'Active',	'2018-04-09 13:17:15',	'2018-04-09 13:17:15'),
(35,	'Dasii Motor',	2,	1,	15,	4,	12,	90,	11,	'Active',	'2018-04-09 13:17:15',	'2018-04-09 13:17:15'),
(36,	'Dasii Motor',	3,	1,	15,	4,	12,	10,	1,	'Active',	'2018-04-09 13:18:13',	'2018-04-09 13:18:13'),
(37,	'Dasii Motor',	3,	1,	15,	4,	12,	25,	1,	'Active',	'2018-04-09 13:18:13',	'2018-04-09 13:18:13'),
(38,	'Dasii Motor',	3,	1,	15,	4,	12,	50,	1,	'Active',	'2018-04-09 13:18:13',	'2018-04-09 13:18:13'),
(39,	'Dasii Motor',	3,	1,	15,	4,	12,	75,	1,	'Active',	'2018-04-09 13:18:13',	'2018-04-09 13:18:13'),
(40,	'Dasii Motor',	3,	1,	15,	4,	12,	90,	1,	'Active',	'2018-04-09 13:18:13',	'2018-04-09 13:18:13'),
(41,	'Dasii Motor',	4,	1,	15,	4,	12,	10,	0,	'Active',	'2018-04-09 13:19:08',	'2018-04-09 13:19:08'),
(42,	'Dasii Motor',	4,	1,	15,	4,	12,	25,	0,	'Active',	'2018-04-09 13:19:08',	'2018-04-09 13:19:08'),
(43,	'Dasii Motor',	4,	1,	15,	4,	12,	50,	0,	'Active',	'2018-04-09 13:19:08',	'2018-04-09 13:19:08'),
(44,	'Dasii Motor',	4,	1,	15,	4,	12,	75,	0,	'Active',	'2018-04-09 13:19:08',	'2018-04-09 13:19:08'),
(45,	'Dasii Motor',	4,	1,	15,	4,	12,	90,	0,	'Active',	'2018-04-09 13:19:08',	'2018-04-09 13:19:08'),
(46,	'Dasii Motor',	5,	1,	15,	4,	12,	10,	2,	'Active',	'2018-04-09 13:20:09',	'2018-04-09 13:20:09'),
(47,	'Dasii Motor',	5,	1,	15,	4,	12,	25,	3,	'Active',	'2018-04-09 13:20:09',	'2018-04-09 13:20:09'),
(48,	'Dasii Motor',	5,	1,	15,	4,	12,	50,	4,	'Active',	'2018-04-09 13:20:09',	'2018-04-09 13:20:09'),
(49,	'Dasii Motor',	5,	1,	15,	4,	12,	75,	4,	'Active',	'2018-04-09 13:20:09',	'2018-04-09 13:20:09'),
(50,	'Dasii Motor',	5,	1,	15,	4,	12,	90,	5,	'Active',	'2018-04-09 13:20:09',	'2018-04-09 13:20:09'),
(51,	'Dasii Motor',	1,	4,	15,	7,	12,	10,	7,	'Active',	'2018-04-09 13:21:29',	'2018-04-09 13:21:29'),
(52,	'Dasii Motor',	1,	4,	15,	7,	12,	25,	7,	'Active',	'2018-04-09 13:21:29',	'2018-04-09 13:21:29'),
(53,	'Dasii Motor',	1,	4,	15,	7,	12,	50,	7,	'Active',	'2018-04-09 13:21:29',	'2018-04-09 13:21:29'),
(54,	'Dasii Motor',	1,	4,	15,	7,	12,	75,	7,	'Active',	'2018-04-09 13:21:29',	'2018-04-09 13:21:29'),
(55,	'Dasii Motor',	1,	4,	15,	7,	12,	90,	7,	'Active',	'2018-04-09 13:21:29',	'2018-04-09 13:21:29'),
(56,	'Dasii Motor',	2,	4,	15,	7,	12,	10,	13,	'Active',	'2018-04-09 13:22:23',	'2018-04-09 13:22:23'),
(57,	'Dasii Motor',	2,	4,	15,	7,	12,	25,	13,	'Active',	'2018-04-09 13:22:23',	'2018-04-09 13:22:23'),
(58,	'Dasii Motor',	2,	4,	15,	7,	12,	50,	16,	'Active',	'2018-04-09 13:22:23',	'2018-04-09 13:22:23'),
(59,	'Dasii Motor',	2,	4,	15,	7,	12,	75,	16,	'Active',	'2018-04-09 13:22:23',	'2018-04-09 13:22:23'),
(60,	'Dasii Motor',	2,	4,	15,	7,	12,	90,	17,	'Active',	'2018-04-09 13:22:23',	'2018-04-09 13:22:23'),
(61,	'Dasii Motor',	3,	4,	15,	7,	12,	10,	1,	'Active',	'2018-04-09 13:23:09',	'2018-04-09 13:23:09'),
(62,	'Dasii Motor',	3,	4,	15,	7,	12,	25,	1,	'Active',	'2018-04-09 13:23:09',	'2018-04-09 13:23:09'),
(63,	'Dasii Motor',	3,	4,	15,	7,	12,	50,	2,	'Active',	'2018-04-09 13:23:09',	'2018-04-09 13:23:09'),
(64,	'Dasii Motor',	3,	4,	15,	7,	12,	75,	3,	'Active',	'2018-04-09 13:23:09',	'2018-04-09 13:23:09'),
(65,	'Dasii Motor',	3,	4,	15,	7,	12,	90,	3,	'Active',	'2018-04-09 13:23:09',	'2018-04-09 13:23:09'),
(66,	'Dasii Motor',	4,	4,	15,	7,	12,	10,	0,	'Active',	'2018-04-09 13:24:09',	'2018-04-09 13:24:09'),
(67,	'Dasii Motor',	4,	4,	15,	7,	12,	25,	0,	'Active',	'2018-04-09 13:24:09',	'2018-04-09 13:24:09'),
(68,	'Dasii Motor',	4,	4,	15,	7,	12,	50,	0,	'Active',	'2018-04-09 13:24:09',	'2018-04-09 13:24:09'),
(69,	'Dasii Motor',	4,	4,	15,	7,	12,	75,	0,	'Active',	'2018-04-09 13:24:09',	'2018-04-09 13:24:09'),
(70,	'Dasii Motor',	4,	4,	15,	7,	12,	90,	0,	'Active',	'2018-04-09 13:24:09',	'2018-04-09 13:24:09'),
(71,	'Dasii Motor',	5,	4,	15,	7,	12,	10,	6,	'Active',	'2018-04-09 13:25:00',	'2018-04-09 13:25:00'),
(72,	'Dasii Motor',	5,	4,	15,	7,	12,	25,	6,	'Active',	'2018-04-09 13:25:00',	'2018-04-09 13:25:00'),
(73,	'Dasii Motor',	5,	4,	15,	7,	12,	50,	8,	'Active',	'2018-04-09 13:25:00',	'2018-04-09 13:25:00'),
(74,	'Dasii Motor',	5,	4,	15,	7,	12,	75,	9,	'Active',	'2018-04-09 13:25:00',	'2018-04-09 13:25:00'),
(75,	'Dasii Motor',	5,	4,	15,	7,	12,	90,	10,	'Active',	'2018-04-09 13:25:00',	'2018-04-09 13:25:00'),
(76,	'Dasii Motor',	1,	7,	15,	10,	12,	10,	7,	'Active',	'2018-04-09 13:26:05',	'2018-04-09 13:26:05'),
(77,	'Dasii Motor',	1,	7,	15,	10,	12,	25,	7,	'Active',	'2018-04-09 13:26:05',	'2018-04-09 13:26:05'),
(78,	'Dasii Motor',	1,	7,	15,	10,	12,	50,	7,	'Active',	'2018-04-09 13:26:05',	'2018-04-09 13:26:05'),
(79,	'Dasii Motor',	1,	7,	15,	10,	12,	75,	7,	'Active',	'2018-04-09 13:26:05',	'2018-04-09 13:26:05'),
(80,	'Dasii Motor',	1,	7,	15,	10,	12,	90,	7,	'Active',	'2018-04-09 13:26:05',	'2018-04-09 13:26:05'),
(81,	'Dasii Motor',	2,	7,	15,	10,	12,	10,	18,	'Active',	'2018-04-09 13:26:49',	'2018-04-09 13:26:49'),
(82,	'Dasii Motor',	2,	7,	15,	10,	12,	25,	18,	'Active',	'2018-04-09 13:26:49',	'2018-04-09 13:26:49'),
(83,	'Dasii Motor',	2,	7,	15,	10,	12,	50,	18,	'Active',	'2018-04-09 13:26:49',	'2018-04-09 13:26:49'),
(84,	'Dasii Motor',	2,	7,	15,	10,	12,	75,	20,	'Active',	'2018-04-09 13:26:49',	'2018-04-09 13:26:49'),
(85,	'Dasii Motor',	2,	7,	15,	10,	12,	90,	21,	'Active',	'2018-04-09 13:26:49',	'2018-04-09 13:26:49'),
(86,	'Dasii Motor',	3,	7,	15,	10,	12,	10,	3,	'Active',	'2018-04-09 13:28:35',	'2018-04-09 13:28:35'),
(87,	'Dasii Motor',	3,	7,	15,	10,	12,	25,	3,	'Active',	'2018-04-09 13:28:35',	'2018-04-09 13:28:35'),
(88,	'Dasii Motor',	3,	7,	15,	10,	12,	50,	5,	'Active',	'2018-04-09 13:28:35',	'2018-04-09 13:28:35'),
(89,	'Dasii Motor',	3,	7,	15,	10,	12,	75,	5,	'Active',	'2018-04-09 13:28:35',	'2018-04-09 13:28:35'),
(90,	'Dasii Motor',	3,	7,	15,	10,	12,	90,	5,	'Active',	'2018-04-09 13:28:35',	'2018-04-09 13:28:35'),
(91,	'Dasii Motor',	4,	7,	15,	10,	12,	10,	0,	'Active',	'2018-04-09 13:29:17',	'2018-04-09 13:29:17'),
(92,	'Dasii Motor',	4,	7,	15,	10,	12,	25,	0,	'Active',	'2018-04-09 13:29:17',	'2018-04-09 13:29:17'),
(93,	'Dasii Motor',	4,	7,	15,	10,	12,	50,	0,	'Active',	'2018-04-09 13:29:17',	'2018-04-09 13:29:17'),
(94,	'Dasii Motor',	4,	7,	15,	10,	12,	75,	0,	'Active',	'2018-04-09 13:29:18',	'2018-04-09 13:29:18'),
(95,	'Dasii Motor',	4,	7,	15,	10,	12,	90,	0,	'Active',	'2018-04-09 13:29:18',	'2018-04-09 13:29:18'),
(96,	'Dasii Motor',	5,	7,	15,	10,	12,	10,	10,	'Active',	'2018-04-09 13:30:29',	'2018-04-09 13:30:29'),
(97,	'Dasii Motor',	5,	7,	15,	10,	12,	25,	11,	'Active',	'2018-04-09 13:30:29',	'2018-04-09 13:30:29'),
(98,	'Dasii Motor',	5,	7,	15,	10,	12,	50,	13,	'Active',	'2018-04-09 13:30:29',	'2018-04-09 13:30:29'),
(99,	'Dasii Motor',	5,	7,	15,	10,	12,	75,	13,	'Active',	'2018-04-09 13:30:29',	'2018-04-09 13:30:29'),
(100,	'Dasii Motor',	5,	7,	15,	10,	12,	90,	13,	'Active',	'2018-04-09 13:30:29',	'2018-04-09 13:30:29'),
(101,	'Dasii Motor',	1,	10,	15,	13,	12,	10,	7,	'Active',	'2018-04-09 14:11:13',	'2018-04-09 14:11:13'),
(102,	'Dasii Motor',	1,	10,	15,	13,	12,	25,	7,	'Active',	'2018-04-09 14:11:13',	'2018-04-09 14:11:13'),
(103,	'Dasii Motor',	1,	10,	15,	13,	12,	50,	7,	'Active',	'2018-04-09 14:11:13',	'2018-04-09 14:11:13'),
(104,	'Dasii Motor',	1,	10,	15,	13,	12,	75,	7,	'Active',	'2018-04-09 14:11:13',	'2018-04-09 14:11:13'),
(105,	'Dasii Motor',	1,	10,	15,	13,	12,	90,	7,	'Active',	'2018-04-09 14:11:13',	'2018-04-09 14:11:13'),
(106,	'Dasii Motor',	2,	10,	15,	13,	12,	10,	21,	'Active',	'2018-04-09 14:11:57',	'2018-04-09 14:11:57'),
(107,	'Dasii Motor',	2,	10,	15,	13,	12,	25,	21,	'Active',	'2018-04-09 14:11:57',	'2018-04-09 14:11:57'),
(108,	'Dasii Motor',	2,	10,	15,	13,	12,	50,	21,	'Active',	'2018-04-09 14:11:57',	'2018-04-09 14:11:57'),
(109,	'Dasii Motor',	2,	10,	15,	13,	12,	75,	21,	'Active',	'2018-04-09 14:11:57',	'2018-04-09 14:11:57'),
(110,	'Dasii Motor',	2,	10,	15,	13,	12,	90,	21,	'Active',	'2018-04-09 14:11:57',	'2018-04-09 14:11:57'),
(111,	'Dasii Motor',	3,	10,	15,	13,	12,	10,	5,	'Active',	'2018-04-09 14:12:42',	'2018-04-09 14:12:42'),
(112,	'Dasii Motor',	3,	10,	15,	13,	12,	25,	5,	'Active',	'2018-04-09 14:12:42',	'2018-04-09 14:12:42'),
(113,	'Dasii Motor',	3,	10,	15,	13,	12,	50,	6,	'Active',	'2018-04-09 14:12:42',	'2018-04-09 14:12:42'),
(114,	'Dasii Motor',	3,	10,	15,	13,	12,	75,	7,	'Active',	'2018-04-09 14:12:42',	'2018-04-09 14:12:42'),
(115,	'Dasii Motor',	3,	10,	15,	13,	12,	90,	8,	'Active',	'2018-04-09 14:12:42',	'2018-04-09 14:12:42'),
(116,	'Dasii Motor',	4,	10,	15,	13,	12,	10,	0,	'Active',	'2018-04-09 14:13:32',	'2018-04-09 14:13:32'),
(117,	'Dasii Motor',	4,	10,	15,	13,	12,	25,	0,	'Active',	'2018-04-09 14:13:32',	'2018-04-09 14:13:32'),
(118,	'Dasii Motor',	4,	10,	15,	13,	12,	50,	0,	'Active',	'2018-04-09 14:13:32',	'2018-04-09 14:13:32'),
(119,	'Dasii Motor',	4,	10,	15,	13,	12,	75,	0,	'Active',	'2018-04-09 14:13:32',	'2018-04-09 14:13:32'),
(120,	'Dasii Motor',	4,	10,	15,	13,	12,	90,	0,	'Active',	'2018-04-09 14:13:32',	'2018-04-09 14:13:32'),
(121,	'Dasii Motor',	5,	10,	15,	13,	12,	10,	13,	'Active',	'2018-04-09 14:15:25',	'2018-04-09 14:15:25'),
(122,	'Dasii Motor',	5,	10,	15,	13,	12,	25,	13,	'Active',	'2018-04-09 14:15:26',	'2018-04-09 14:15:26'),
(123,	'Dasii Motor',	5,	10,	15,	13,	12,	50,	13,	'Active',	'2018-04-09 14:15:26',	'2018-04-09 14:15:26'),
(124,	'Dasii Motor',	5,	10,	15,	13,	12,	75,	14,	'Active',	'2018-04-09 14:15:26',	'2018-04-09 14:15:26'),
(125,	'Dasii Motor',	5,	10,	15,	13,	12,	90,	14,	'Active',	'2018-04-09 14:15:26',	'2018-04-09 14:15:26'),
(126,	'Dasii Motor',	1,	13,	15,	16,	12,	10,	7,	'Active',	'2018-04-09 14:17:15',	'2018-04-09 14:17:15'),
(127,	'Dasii Motor',	1,	13,	15,	16,	12,	25,	7,	'Active',	'2018-04-09 14:17:15',	'2018-04-09 14:17:15'),
(128,	'Dasii Motor',	1,	13,	15,	16,	12,	50,	7,	'Active',	'2018-04-09 14:17:15',	'2018-04-09 14:17:15'),
(129,	'Dasii Motor',	1,	13,	15,	16,	12,	75,	7,	'Active',	'2018-04-09 14:17:15',	'2018-04-09 14:17:15'),
(130,	'Dasii Motor',	1,	13,	15,	16,	12,	90,	7,	'Active',	'2018-04-09 14:17:15',	'2018-04-09 14:17:15'),
(131,	'Dasii Motor',	2,	13,	15,	16,	12,	10,	21,	'Active',	'2018-04-09 14:18:44',	'2018-04-09 14:18:44'),
(132,	'Dasii Motor',	2,	13,	15,	16,	12,	25,	21,	'Active',	'2018-04-09 14:18:44',	'2018-04-09 14:18:44'),
(133,	'Dasii Motor',	2,	13,	15,	16,	12,	50,	21,	'Active',	'2018-04-09 14:18:44',	'2018-04-09 14:18:44'),
(134,	'Dasii Motor',	2,	13,	15,	16,	12,	75,	21,	'Active',	'2018-04-09 14:18:44',	'2018-04-09 14:18:44'),
(135,	'Dasii Motor',	2,	13,	15,	16,	12,	90,	21,	'Active',	'2018-04-09 14:18:44',	'2018-04-09 14:18:44'),
(136,	'Dasii Motor',	3,	13,	15,	16,	12,	10,	7,	'Active',	'2018-04-09 14:19:53',	'2018-04-09 14:19:53'),
(137,	'Dasii Motor',	3,	13,	15,	16,	12,	25,	8,	'Active',	'2018-04-09 14:19:53',	'2018-04-09 14:19:53'),
(138,	'Dasii Motor',	3,	13,	15,	16,	12,	50,	9,	'Active',	'2018-04-09 14:19:53',	'2018-04-09 14:19:53'),
(139,	'Dasii Motor',	3,	13,	15,	16,	12,	75,	9,	'Active',	'2018-04-09 14:19:53',	'2018-04-09 14:19:53'),
(140,	'Dasii Motor',	3,	13,	15,	16,	12,	90,	10,	'Active',	'2018-04-09 14:19:53',	'2018-04-09 14:19:53'),
(141,	'Dasii Motor',	4,	13,	15,	16,	12,	10,	0,	'Active',	'2018-04-09 14:21:16',	'2018-04-09 14:21:16'),
(142,	'Dasii Motor',	4,	13,	15,	16,	12,	25,	2,	'Active',	'2018-04-09 14:21:16',	'2018-04-09 14:21:16'),
(143,	'Dasii Motor',	4,	13,	15,	16,	12,	50,	2,	'Active',	'2018-04-09 14:21:16',	'2018-04-09 14:21:16'),
(144,	'Dasii Motor',	4,	13,	15,	16,	12,	75,	2,	'Active',	'2018-04-09 14:21:16',	'2018-04-09 14:21:16'),
(145,	'Dasii Motor',	4,	13,	15,	16,	12,	90,	2,	'Active',	'2018-04-09 14:21:16',	'2018-04-09 14:21:16'),
(146,	'Dasii Motor',	5,	13,	15,	16,	12,	10,	14,	'Active',	'2018-04-09 14:22:13',	'2018-04-09 14:22:13'),
(147,	'Dasii Motor',	5,	13,	15,	16,	12,	25,	14,	'Active',	'2018-04-09 14:22:13',	'2018-04-09 14:22:13'),
(148,	'Dasii Motor',	5,	13,	15,	16,	12,	50,	14,	'Active',	'2018-04-09 14:22:13',	'2018-04-09 14:22:13'),
(149,	'Dasii Motor',	5,	13,	15,	16,	12,	75,	14,	'Active',	'2018-04-09 14:22:13',	'2018-04-09 14:22:13'),
(150,	'Dasii Motor',	5,	13,	15,	16,	12,	90,	14,	'Active',	'2018-04-09 14:22:13',	'2018-04-09 14:22:13'),
(151,	'Dasii Motor',	1,	16,	15,	19,	12,	10,	7,	'Active',	'2018-04-09 14:23:19',	'2018-04-09 14:23:19'),
(152,	'Dasii Motor',	1,	16,	15,	19,	12,	25,	7,	'Active',	'2018-04-09 14:23:19',	'2018-04-09 14:23:19'),
(153,	'Dasii Motor',	1,	16,	15,	19,	12,	50,	7,	'Active',	'2018-04-09 14:23:19',	'2018-04-09 14:23:19'),
(154,	'Dasii Motor',	1,	16,	15,	19,	12,	75,	7,	'Active',	'2018-04-09 14:23:19',	'2018-04-09 14:23:19'),
(155,	'Dasii Motor',	1,	16,	15,	19,	12,	90,	7,	'Active',	'2018-04-09 14:23:19',	'2018-04-09 14:23:19'),
(156,	'Dasii Motor',	2,	16,	15,	19,	12,	10,	21,	'Active',	'2018-04-09 14:24:24',	'2018-04-09 14:24:24'),
(157,	'Dasii Motor',	2,	16,	15,	19,	12,	25,	21,	'Active',	'2018-04-09 14:24:24',	'2018-04-09 14:24:24'),
(158,	'Dasii Motor',	2,	16,	15,	19,	12,	50,	21,	'Active',	'2018-04-09 14:24:24',	'2018-04-09 14:24:24'),
(159,	'Dasii Motor',	2,	16,	15,	19,	12,	75,	22,	'Active',	'2018-04-09 14:24:24',	'2018-04-09 14:24:24'),
(160,	'Dasii Motor',	2,	16,	15,	19,	12,	90,	22,	'Active',	'2018-04-09 14:24:24',	'2018-04-09 14:24:24'),
(161,	'Dasii Motor',	3,	16,	15,	19,	12,	10,	8,	'Active',	'2018-04-09 14:25:14',	'2018-04-09 14:25:14'),
(162,	'Dasii Motor',	3,	16,	15,	19,	12,	25,	10,	'Active',	'2018-04-09 14:25:15',	'2018-04-09 14:25:15'),
(163,	'Dasii Motor',	3,	16,	15,	19,	12,	50,	10,	'Active',	'2018-04-09 14:25:15',	'2018-04-09 14:25:15'),
(164,	'Dasii Motor',	3,	16,	15,	19,	12,	75,	10,	'Active',	'2018-04-09 14:25:15',	'2018-04-09 14:25:15'),
(165,	'Dasii Motor',	3,	16,	15,	19,	12,	90,	10,	'Active',	'2018-04-09 14:25:15',	'2018-04-09 14:25:15'),
(166,	'Dasii Motor',	4,	16,	15,	19,	12,	10,	2,	'Active',	'2018-04-09 14:26:23',	'2018-04-09 14:26:23'),
(167,	'Dasii Motor',	4,	16,	15,	19,	12,	25,	2,	'Active',	'2018-04-09 14:26:23',	'2018-04-09 14:26:23'),
(168,	'Dasii Motor',	4,	16,	15,	19,	12,	50,	2,	'Active',	'2018-04-09 14:26:23',	'2018-04-09 14:26:23'),
(169,	'Dasii Motor',	4,	16,	15,	19,	12,	75,	3,	'Active',	'2018-04-09 14:26:23',	'2018-04-09 14:26:23'),
(170,	'Dasii Motor',	4,	16,	15,	19,	12,	90,	3,	'Active',	'2018-04-09 14:26:23',	'2018-04-09 14:26:23'),
(171,	'Dasii Motor',	5,	16,	15,	19,	12,	10,	14,	'Active',	'2018-04-09 14:27:22',	'2018-04-09 14:27:22'),
(172,	'Dasii Motor',	5,	16,	15,	19,	12,	25,	14,	'Active',	'2018-04-09 14:27:22',	'2018-04-09 14:27:22'),
(173,	'Dasii Motor',	5,	16,	15,	19,	12,	50,	14,	'Active',	'2018-04-09 14:27:22',	'2018-04-09 14:27:22'),
(174,	'Dasii Motor',	5,	16,	15,	19,	12,	75,	14,	'Active',	'2018-04-09 14:27:22',	'2018-04-09 14:27:22'),
(175,	'Dasii Motor',	5,	16,	15,	19,	12,	90,	14,	'Active',	'2018-04-09 14:27:22',	'2018-04-09 14:27:22'),
(176,	'Dasii Motor',	1,	19,	15,	22,	12,	10,	7,	'Active',	'2018-04-09 14:28:29',	'2018-04-09 14:28:29'),
(177,	'Dasii Motor',	1,	19,	15,	22,	12,	25,	7,	'Active',	'2018-04-09 14:28:29',	'2018-04-09 14:28:29'),
(178,	'Dasii Motor',	1,	19,	15,	22,	12,	50,	7,	'Active',	'2018-04-09 14:28:29',	'2018-04-09 14:28:29'),
(179,	'Dasii Motor',	1,	19,	15,	22,	12,	75,	7,	'Active',	'2018-04-09 14:28:29',	'2018-04-09 14:28:29'),
(180,	'Dasii Motor',	1,	19,	15,	22,	12,	90,	7,	'Active',	'2018-04-09 14:28:29',	'2018-04-09 14:28:29'),
(181,	'Dasii Motor',	2,	19,	15,	22,	12,	10,	21,	'Active',	'2018-04-09 14:29:23',	'2018-04-09 14:29:23'),
(182,	'Dasii Motor',	2,	19,	15,	22,	12,	25,	21,	'Active',	'2018-04-09 14:29:23',	'2018-04-09 14:29:23'),
(183,	'Dasii Motor',	2,	19,	15,	22,	12,	50,	22,	'Active',	'2018-04-09 14:29:23',	'2018-04-09 14:29:23'),
(184,	'Dasii Motor',	2,	19,	15,	22,	12,	75,	22,	'Active',	'2018-04-09 14:29:23',	'2018-04-09 14:29:23'),
(185,	'Dasii Motor',	2,	19,	15,	22,	12,	90,	22,	'Active',	'2018-04-09 14:29:23',	'2018-04-09 14:29:23'),
(186,	'Dasii Motor',	3,	19,	15,	22,	12,	10,	10,	'Active',	'2018-04-09 14:35:02',	'2018-04-09 14:35:02'),
(187,	'Dasii Motor',	3,	19,	15,	22,	12,	25,	10,	'Active',	'2018-04-09 14:35:02',	'2018-04-09 14:35:02'),
(188,	'Dasii Motor',	3,	19,	15,	22,	12,	50,	10,	'Active',	'2018-04-09 14:35:02',	'2018-04-09 14:35:02'),
(189,	'Dasii Motor',	3,	19,	15,	22,	12,	75,	10,	'Active',	'2018-04-09 14:35:02',	'2018-04-09 14:35:02'),
(190,	'Dasii Motor',	3,	19,	15,	22,	12,	75,	10,	'Active',	'2018-04-09 14:35:02',	'2018-04-09 14:35:02'),
(191,	'Dasii Motor',	4,	19,	15,	22,	12,	10,	2,	'Active',	'2018-04-09 14:36:51',	'2018-04-09 14:36:51'),
(192,	'Dasii Motor',	4,	19,	15,	22,	12,	25,	3,	'Active',	'2018-04-09 14:36:51',	'2018-04-09 14:36:51'),
(193,	'Dasii Motor',	4,	19,	15,	22,	12,	50,	3,	'Active',	'2018-04-09 14:36:51',	'2018-04-09 14:36:51'),
(194,	'Dasii Motor',	4,	19,	15,	22,	12,	75,	5,	'Active',	'2018-04-09 14:36:51',	'2018-04-09 14:36:51'),
(195,	'Dasii Motor',	4,	19,	15,	22,	12,	90,	6,	'Active',	'2018-04-09 14:36:51',	'2018-04-09 14:36:51'),
(196,	'Dasii Motor',	5,	19,	15,	22,	12,	10,	14,	'Active',	'2018-04-09 14:38:33',	'2018-04-09 14:38:33'),
(197,	'Dasii Motor',	5,	19,	15,	22,	12,	25,	14,	'Active',	'2018-04-09 14:38:33',	'2018-04-09 14:38:33'),
(198,	'Dasii Motor',	5,	19,	15,	22,	12,	50,	14,	'Active',	'2018-04-09 14:38:33',	'2018-04-09 14:38:33'),
(199,	'Dasii Motor',	5,	19,	15,	22,	12,	75,	14,	'Active',	'2018-04-09 14:38:33',	'2018-04-09 14:38:33'),
(200,	'Dasii Motor',	5,	19,	15,	22,	12,	90,	14,	'Active',	'2018-04-09 14:38:33',	'2018-04-09 14:38:33'),
(201,	'Dasii Motor',	1,	22,	15,	25,	12,	10,	7,	'Active',	'2018-04-09 14:40:43',	'2018-04-09 14:40:43'),
(202,	'Dasii Motor',	1,	22,	15,	25,	12,	25,	7,	'Active',	'2018-04-09 14:40:43',	'2018-04-09 14:40:43'),
(203,	'Dasii Motor',	1,	22,	15,	25,	12,	50,	7,	'Active',	'2018-04-09 14:40:43',	'2018-04-09 14:40:43'),
(204,	'Dasii Motor',	1,	22,	15,	25,	12,	75,	7,	'Active',	'2018-04-09 14:40:43',	'2018-04-09 14:40:43'),
(205,	'Dasii Motor',	1,	22,	15,	25,	12,	90,	7,	'Active',	'2018-04-09 14:40:44',	'2018-04-09 14:40:44'),
(206,	'Dasii Motor',	2,	22,	15,	25,	12,	10,	22,	'Active',	'2018-04-09 14:41:44',	'2018-04-09 14:41:44'),
(207,	'Dasii Motor',	2,	22,	15,	25,	12,	25,	22,	'Active',	'2018-04-09 14:41:44',	'2018-04-09 14:41:44'),
(208,	'Dasii Motor',	2,	22,	15,	25,	12,	50,	22,	'Active',	'2018-04-09 14:41:44',	'2018-04-09 14:41:44'),
(209,	'Dasii Motor',	2,	22,	15,	25,	12,	75,	22,	'Active',	'2018-04-09 14:41:44',	'2018-04-09 14:41:44'),
(210,	'Dasii Motor',	2,	22,	15,	25,	12,	90,	22,	'Active',	'2018-04-09 14:41:44',	'2018-04-09 14:41:44'),
(211,	'Dasii Motor',	3,	22,	15,	25,	12,	10,	10,	'Active',	'2018-04-09 14:42:45',	'2018-04-09 14:42:45'),
(212,	'Dasii Motor',	3,	22,	15,	25,	12,	25,	10,	'Active',	'2018-04-09 14:42:45',	'2018-04-09 14:42:45'),
(213,	'Dasii Motor',	3,	22,	15,	25,	12,	50,	10,	'Active',	'2018-04-09 14:42:45',	'2018-04-09 14:42:45'),
(214,	'Dasii Motor',	3,	22,	15,	25,	12,	75,	10,	'Active',	'2018-04-09 14:42:45',	'2018-04-09 14:42:45'),
(215,	'Dasii Motor',	3,	22,	15,	25,	12,	90,	10,	'Active',	'2018-04-09 14:42:45',	'2018-04-09 14:42:45'),
(216,	'Dasii Motor',	4,	22,	15,	25,	15,	10,	5,	'Active',	'2018-04-09 14:44:06',	'2018-04-09 14:44:06'),
(217,	'Dasii Motor',	4,	22,	15,	25,	15,	25,	7,	'Active',	'2018-04-09 14:44:06',	'2018-04-09 14:44:06'),
(218,	'Dasii Motor',	4,	22,	15,	25,	15,	50,	8,	'Active',	'2018-04-09 14:44:06',	'2018-04-09 14:44:06'),
(219,	'Dasii Motor',	4,	22,	15,	25,	15,	75,	9,	'Active',	'2018-04-09 14:44:06',	'2018-04-09 14:44:06'),
(220,	'Dasii Motor',	4,	22,	15,	25,	15,	90,	9,	'Active',	'2018-04-09 14:44:06',	'2018-04-09 14:44:06'),
(221,	'Dasii Motor',	5,	22,	15,	25,	12,	10,	14,	'Active',	'2018-04-09 14:45:02',	'2018-04-09 14:45:02'),
(222,	'Dasii Motor',	5,	22,	15,	25,	12,	25,	14,	'Active',	'2018-04-09 14:45:02',	'2018-04-09 14:45:02'),
(223,	'Dasii Motor',	5,	22,	15,	25,	12,	50,	14,	'Active',	'2018-04-09 14:45:02',	'2018-04-09 14:45:02'),
(224,	'Dasii Motor',	5,	22,	15,	25,	12,	75,	14,	'Active',	'2018-04-09 14:45:02',	'2018-04-09 14:45:02'),
(225,	'Dasii Motor',	5,	22,	15,	25,	12,	90,	14,	'Active',	'2018-04-09 14:45:02',	'2018-04-09 14:45:02'),
(226,	'Dasii Motor',	1,	25,	15,	28,	12,	10,	7,	'Active',	'2018-04-09 14:47:12',	'2018-04-09 14:47:12'),
(227,	'Dasii Motor',	1,	25,	15,	28,	12,	25,	7,	'Active',	'2018-04-09 14:47:12',	'2018-04-09 14:47:12'),
(228,	'Dasii Motor',	1,	25,	15,	28,	12,	50,	7,	'Active',	'2018-04-09 14:47:12',	'2018-04-09 14:47:12'),
(229,	'Dasii Motor',	1,	25,	15,	28,	12,	75,	7,	'Active',	'2018-04-09 14:47:12',	'2018-04-09 14:47:12'),
(230,	'Dasii Motor',	1,	25,	15,	28,	12,	90,	7,	'Active',	'2018-04-09 14:47:12',	'2018-04-09 14:47:12'),
(231,	'Dasii Motor',	2,	25,	15,	28,	12,	10,	22,	'Active',	'2018-04-09 14:49:18',	'2018-04-09 14:49:18'),
(232,	'Dasii Motor',	2,	25,	15,	28,	12,	25,	22,	'Active',	'2018-04-09 14:49:18',	'2018-04-09 14:49:18'),
(233,	'Dasii Motor',	2,	25,	15,	28,	12,	50,	22,	'Active',	'2018-04-09 14:49:18',	'2018-04-09 14:49:18'),
(234,	'Dasii Motor',	2,	25,	15,	28,	12,	75,	23,	'Active',	'2018-04-09 14:49:18',	'2018-04-09 14:49:18'),
(235,	'Dasii Motor',	2,	25,	15,	28,	12,	90,	23,	'Active',	'2018-04-09 14:49:18',	'2018-04-09 14:49:18'),
(236,	'Dasii Motor',	3,	25,	15,	28,	15,	10,	10,	'Active',	'2018-04-09 14:52:17',	'2018-04-09 14:52:17'),
(237,	'Dasii Motor',	3,	25,	15,	28,	15,	25,	10,	'Active',	'2018-04-09 14:52:17',	'2018-04-09 14:52:17'),
(238,	'Dasii Motor',	3,	25,	15,	28,	15,	50,	10,	'Active',	'2018-04-09 14:52:18',	'2018-04-09 14:52:18'),
(239,	'Dasii Motor',	3,	25,	15,	28,	15,	75,	10,	'Active',	'2018-04-09 14:52:18',	'2018-04-09 14:52:18'),
(240,	'Dasii Motor',	3,	25,	15,	28,	15,	90,	10,	'Active',	'2018-04-09 14:52:18',	'2018-04-09 14:52:18'),
(241,	'Dasii Motor',	4,	25,	15,	28,	15,	10,	8,	'Active',	'2018-04-09 14:54:48',	'2018-04-09 14:54:48'),
(242,	'Dasii Motor',	4,	25,	15,	28,	15,	25,	9,	'Active',	'2018-04-09 14:54:48',	'2018-04-09 14:54:48'),
(243,	'Dasii Motor',	4,	25,	15,	28,	15,	50,	11,	'Active',	'2018-04-09 14:54:48',	'2018-04-09 14:54:48'),
(244,	'Dasii Motor',	4,	25,	15,	28,	15,	75,	11,	'Active',	'2018-04-09 14:54:48',	'2018-04-09 14:54:48'),
(245,	'Dasii Motor',	4,	25,	15,	28,	15,	90,	13,	'Active',	'2018-04-09 14:54:48',	'2018-04-09 14:54:48'),
(246,	'Dasii Motor',	5,	25,	15,	28,	12,	10,	14,	'Active',	'2018-04-09 14:55:54',	'2018-04-09 14:55:54'),
(247,	'Dasii Motor',	5,	25,	15,	28,	12,	25,	14,	'Active',	'2018-04-09 14:55:54',	'2018-04-09 14:55:54'),
(248,	'Dasii Motor',	5,	25,	15,	28,	12,	50,	14,	'Active',	'2018-04-09 14:55:54',	'2018-04-09 14:55:54'),
(249,	'Dasii Motor',	5,	25,	15,	28,	12,	75,	14,	'Active',	'2018-04-09 14:55:54',	'2018-04-09 14:55:54'),
(250,	'Dasii Motor',	5,	25,	15,	28,	12,	90,	14,	'Active',	'2018-04-09 14:55:54',	'2018-04-09 14:55:54'),
(251,	'Dasii Motor',	1,	28,	15,	30,	0,	10,	7,	'Active',	'2018-04-09 14:57:23',	'2018-04-09 14:57:23'),
(252,	'Dasii Motor',	1,	28,	15,	30,	0,	25,	7,	'Active',	'2018-04-09 14:57:23',	'2018-04-09 14:57:23'),
(253,	'Dasii Motor',	1,	28,	15,	30,	0,	50,	7,	'Active',	'2018-04-09 14:57:23',	'2018-04-09 14:57:23'),
(254,	'Dasii Motor',	1,	28,	15,	30,	0,	75,	7,	'Active',	'2018-04-09 14:57:23',	'2018-04-09 14:57:23'),
(255,	'Dasii Motor',	1,	28,	15,	30,	0,	90,	7,	'Active',	'2018-04-09 14:57:23',	'2018-04-09 14:57:23'),
(256,	'Dasii Motor',	2,	28,	15,	30,	0,	10,	22,	'Active',	'2018-04-09 14:59:04',	'2018-04-09 14:59:04'),
(257,	'Dasii Motor',	2,	28,	15,	30,	0,	25,	23,	'Active',	'2018-04-09 14:59:04',	'2018-04-09 14:59:04'),
(258,	'Dasii Motor',	2,	28,	15,	30,	0,	50,	23,	'Active',	'2018-04-09 14:59:04',	'2018-04-09 14:59:04'),
(259,	'Dasii Motor',	2,	28,	15,	30,	0,	75,	23,	'Active',	'2018-04-09 14:59:04',	'2018-04-09 14:59:04'),
(260,	'Dasii Motor',	2,	28,	15,	30,	0,	90,	23,	'Active',	'2018-04-09 14:59:04',	'2018-04-09 14:59:04'),
(261,	'Dasii Motor',	3,	28,	15,	30,	0,	10,	10,	'Active',	'2018-04-09 14:59:59',	'2018-04-09 14:59:59'),
(262,	'Dasii Motor',	3,	28,	15,	30,	0,	25,	10,	'Active',	'2018-04-09 14:59:59',	'2018-04-09 14:59:59'),
(263,	'Dasii Motor',	3,	28,	15,	30,	0,	50,	10,	'Active',	'2018-04-09 14:59:59',	'2018-04-09 14:59:59'),
(264,	'Dasii Motor',	3,	28,	15,	30,	0,	75,	10,	'Active',	'2018-04-09 14:59:59',	'2018-04-09 14:59:59'),
(265,	'Dasii Motor',	3,	28,	15,	30,	0,	90,	10,	'Active',	'2018-04-09 14:59:59',	'2018-04-09 14:59:59'),
(266,	'Dasii Motor',	4,	28,	15,	30,	0,	10,	11,	'Active',	'2018-04-09 15:01:01',	'2018-04-09 15:01:01'),
(267,	'Dasii Motor',	4,	28,	15,	30,	0,	25,	12,	'Active',	'2018-04-09 15:01:01',	'2018-04-09 15:01:01'),
(268,	'Dasii Motor',	4,	28,	15,	30,	0,	50,	12,	'Active',	'2018-04-09 15:01:01',	'2018-04-09 15:01:01'),
(269,	'Dasii Motor',	4,	28,	15,	30,	0,	75,	13,	'Active',	'2018-04-09 15:01:01',	'2018-04-09 15:01:01'),
(270,	'Dasii Motor',	4,	28,	15,	30,	0,	90,	13,	'Active',	'2018-04-09 15:01:01',	'2018-04-09 15:01:01'),
(271,	'Dasii Motor',	5,	28,	15,	30,	0,	10,	14,	'Active',	'2018-04-09 15:02:24',	'2018-04-09 15:02:24'),
(272,	'Dasii Motor',	5,	28,	15,	30,	0,	25,	14,	'Active',	'2018-04-09 15:02:24',	'2018-04-09 15:02:24'),
(273,	'Dasii Motor',	5,	28,	15,	30,	0,	50,	14,	'Active',	'2018-04-09 15:02:24',	'2018-04-09 15:02:24'),
(274,	'Dasii Motor',	5,	28,	15,	30,	0,	75,	14,	'Active',	'2018-04-09 15:02:24',	'2018-04-09 15:02:24'),
(275,	'Dasii Motor',	5,	28,	15,	30,	0,	90,	14,	'Active',	'2018-04-09 15:02:24',	'2018-04-09 15:02:24');

DROP TABLE IF EXISTS `mst_remarks`;
CREATE TABLE `mst_remarks` (
  `id` int(11) NOT NULL AUTO_INCREMENT,
  `domain_name` varchar(255) NOT NULL,
  `remarks` varchar(255) NOT NULL,
  `status` enum('Active','Inactive') NOT NULL,
  `created` datetime NOT NULL,
  `modified` datetime NOT NULL,
  PRIMARY KEY (`id`)
) ENGINE=InnoDB DEFAULT CHARSET=latin1;

INSERT INTO `mst_remarks` (`id`, `domain_name`, `remarks`, `status`, `created`, `modified`) VALUES
(1,	'Cognitive',	'Can gaze continuously at an object for at least 3 secs.',	'Active',	'2018-03-05 15:01:03',	'2018-03-05 15:01:03'),
(2,	'Cognitive',	'Can\'t gaze continuously at an object for at least 3 secs.',	'Active',	'2018-03-05 15:01:04',	'2018-03-05 15:01:04'),
(3,	'Cognitive',	'Can change expression to indicate recognition of caregiver',	'Active',	'2018-03-05 15:01:04',	'2018-03-05 15:01:04'),
(4,	'Cognitive',	'Can\'t change expression to indicate recognition of caregiver',	'Active',	'2018-03-05 15:01:04',	'2018-03-05 15:01:04'),
(5,	'Cognitive',	'Can display anticipatory excitement of being picked up',	'Active',	'2018-03-05 15:01:04',	'2018-03-05 15:01:04'),
(6,	'Cognitive',	'Can\'t display anticipatory excitement of being picked up',	'Active',	'2018-03-05 15:01:04',	'2018-03-05 15:01:04'),
(7,	'Cognitive',	'Can regard object continuously for at least 5 secs.',	'Active',	'2018-03-05 15:01:04',	'2018-03-05 15:01:04'),
(8,	'Cognitive',	'Can\'t regard object continuously for at least 5 secs.',	'Active',	'2018-03-05 15:01:04',	'2018-03-05 15:01:04'),
(9,	'Cognitive',	'Can habituate within 30 secs, displaying decrease in attention & concentration',	'Active',	'2018-03-05 15:01:04',	'2018-03-05 15:01:04'),
(10,	'Cognitive',	'Can\'t habituate within 30 secs, displaying decrease in attention & concentration',	'Active',	'2018-03-05 15:01:05',	'2018-03-05 15:01:05'),
(11,	'Cognitive',	'Can look longer at ball than balloons in both presentations',	'Active',	'2018-03-05 15:01:05',	'2018-03-05 15:01:05'),
(12,	'Cognitive',	'Can\'t look longer at ball than balloons in both presentations',	'Active',	'2018-03-05 15:01:05',	'2018-03-05 15:01:05'),
(13,	'Cognitive',	'Can display awareness of being in novel surrounding (e.g startles, looks around)',	'Active',	'2018-03-05 15:01:05',	'2018-03-05 15:01:05'),
(14,	'Cognitive',	'Can\'t display awareness of being in novel surrounding (e.g startles, looks around)',	'Active',	'2018-03-05 15:01:05',	'2018-03-05 15:01:05'),
(15,	'Cognitive',	'Can persistently reach for object, even if she fails to obtain it',	'Active',	'2018-03-05 15:01:05',	'2018-03-05 15:01:05'),
(16,	'Cognitive',	'Can\'t persistently reach for object, even if she fails to obtain it',	'Active',	'2018-03-05 15:01:05',	'2018-03-05 15:01:05'),
(17,	'Cognitive',	'Can pick up string, purposely pulls to secure ring, and grasps ring',	'Active',	'2018-03-05 15:01:05',	'2018-03-05 15:01:05'),
(18,	'Cognitive',	'Can\'t pick up string, purposely pulls to secure ring, and grasps ring',	'Active',	'2018-03-05 15:01:05',	'2018-03-05 15:01:05'),
(19,	'Cognitive',	'Can hold both blocks simultaneously for at least 3 seconds',	'Active',	'2018-03-05 15:01:05',	'2018-03-05 15:01:05'),
(20,	'Cognitive',	'Can\'t hold both blocks simultaneously for at least 3 seconds',	'Active',	'2018-03-05 15:01:05',	'2018-03-05 15:01:05'),
(21,	'Cognitive',	'Can hold bell by handle and purposely rings it',	'Active',	'2018-03-05 15:01:05',	'2018-03-05 15:01:05'),
(22,	'Cognitive',	'Can\'t hold bell by handle and purposely rings it',	'Active',	'2018-03-05 15:01:05',	'2018-03-05 15:01:05'),
(23,	'Cognitive',	'Can regard one or more specific pictures with interest or recognition',	'Active',	'2018-03-05 15:01:05',	'2018-03-05 15:01:05'),
(24,	'Cognitive',	'Can\'t regard one or more specific pictures with interest or recognition',	'Active',	'2018-03-05 15:01:05',	'2018-03-05 15:01:05'),
(25,	'Cognitive',	'Can retain first two blocks for at least 3 seconds after visually attending to third block',	'Active',	'2018-03-05 15:01:05',	'2018-03-05 15:01:05'),
(26,	'Cognitive',	'Can\'t retain first two blocks for at least 3 seconds after visually attending to third block',	'Active',	'2018-03-05 15:01:05',	'2018-03-05 15:01:05'),
(27,	'Cognitive',	'Can look into empty cup for blocks',	'Active',	'2018-03-05 15:01:05',	'2018-03-05 15:01:05'),
(28,	'Cognitive',	'Can\'t look into empty cup for blocks',	'Active',	'2018-03-05 15:01:05',	'2018-03-05 15:01:05'),
(29,	'Cognitive',	'Can take all three blocks out of the cup',	'Active',	'2018-03-05 15:01:05',	'2018-03-05 15:01:05'),
(30,	'Cognitive',	'Can\'t take all three blocks out of the cup',	'Active',	'2018-03-05 15:01:05',	'2018-03-05 15:01:05'),
(31,	'Cognitive',	'Can retrieve object through open end of box within 20 secs',	'Active',	'2018-03-05 15:01:05',	'2018-03-05 15:01:05'),
(32,	'Cognitive',	'Can\'t retrieve object through open end of box within 20 secs',	'Active',	'2018-03-05 15:01:05',	'2018-03-05 15:01:05'),
(33,	'Cognitive',	'Can attempt to squeeze toy to make the sound',	'Active',	'2018-03-05 15:01:05',	'2018-03-05 15:01:05'),
(34,	'Cognitive',	'Can\'t attempt to squeeze toy to make the sound',	'Active',	'2018-03-05 15:01:05',	'2018-03-05 15:01:05'),
(35,	'Cognitive',	'Can find object by looking first under correct washcloth when hidden under both right & left sides',	'Active',	'2018-03-05 15:01:06',	'2018-03-05 15:01:06'),
(36,	'Cognitive',	'Can\'t find object by looking first under correct washcloth when hidden under both right & left sides',	'Active',	'2018-03-05 15:01:06',	'2018-03-05 15:01:06'),
(37,	'Cognitive',	'Can place at least one peg two or more times in the same or different hole (s) in the peg board.',	'Active',	'2018-03-05 15:01:06',	'2018-03-05 15:01:06'),
(38,	'Cognitive',	'Can\'t place at least one peg two or more times in the same or different hole (s) in the peg board.',	'Active',	'2018-03-05 15:01:06',	'2018-03-05 15:01:06'),
(39,	'Cognitive',	'Can retrieve object through open end of box when presented on both right & left sides',	'Active',	'2018-03-05 15:01:06',	'2018-03-05 15:01:06'),
(40,	'Cognitive',	'Can\'t retrieve object through open end of box when presented on both right & left sides',	'Active',	'2018-03-05 15:01:06',	'2018-03-05 15:01:06'),
(41,	'Cognitive',	'Can place all six pegs in pegboard within 70 secs',	'Active',	'2018-03-05 15:01:06',	'2018-03-05 15:01:06'),
(42,	'Cognitive',	'Can\'t place all six pegs in pegboard within 70 secs',	'Active',	'2018-03-05 15:01:06',	'2018-03-05 15:01:06'),
(43,	'Cognitive',	'Can correctly place at least four pieces in a blue board within 150 seconds',	'Active',	'2018-03-05 15:01:06',	'2018-03-05 15:01:06'),
(44,	'Cognitive',	'Can\'t correctly place at least four pieces in a blue board within 150 seconds',	'Active',	'2018-03-05 15:01:06',	'2018-03-05 15:01:06'),
(45,	'Cognitive',	'Can place all six pegs in pegboard within 25 seconds',	'Active',	'2018-03-05 15:01:06',	'2018-03-05 15:01:06'),
(46,	'Cognitive',	'Can\'t place all six pegs in pegboard within 25 seconds',	'Active',	'2018-03-05 15:01:06',	'2018-03-05 15:01:06'),
(47,	'Cognitive',	'Can correctly identify matching picture on at least three pages',	'Active',	'2018-03-05 15:01:06',	'2018-03-05 15:01:06'),
(48,	'Cognitive',	'Can\'t correctly identify matching picture on at least three pages',	'Active',	'2018-03-05 15:01:06',	'2018-03-05 15:01:06'),
(49,	'Cognitive',	'Can take an object and pretends it is something else ',	'Active',	'2018-03-05 15:01:06',	'2018-03-05 15:01:06'),
(50,	'Cognitive',	'Can\'t take an object and pretends it is something else ',	'Active',	'2018-03-05 15:01:06',	'2018-03-05 15:01:06'),
(51,	'Cognitive',	'Can correctly place all nine pieces in a Blue Board within 75 secs ',	'Active',	'2018-03-05 15:01:06',	'2018-03-05 15:01:06'),
(52,	'Cognitive',	'Can\'t correctly place all nine pieces in a Blue Board within 75 secs ',	'Active',	'2018-03-05 15:01:06',	'2018-03-05 15:01:06'),
(53,	'Cognitive',	'Can correctly imitate both steps shown to him',	'Active',	'2018-03-05 15:01:06',	'2018-03-05 15:01:06'),
(54,	'Cognitive',	'Can\'t correctly imitate both steps shown to him',	'Active',	'2018-03-05 15:01:06',	'2018-03-05 15:01:06'),
(55,	'Cognitive',	'Can place yellow, blue, and green disks on or near matching crayons in stimulus book, or points to matching crayons',	'Active',	'2018-03-05 15:01:06',	'2018-03-05 15:01:06'),
(56,	'Cognitive',	'Can\'t place yellow, blue, and green disks on or near matching crayons in stimulus book, or points to matching crayons',	'Active',	'2018-03-05 15:01:06',	'2018-03-05 15:01:06'),
(57,	'Cognitive',	'Can use imaginary objects in play',	'Active',	'2018-03-05 15:01:07',	'2018-03-05 15:01:07'),
(58,	'Cognitive',	'Can\'t use imaginary objects in play',	'Active',	'2018-03-05 15:01:07',	'2018-03-05 15:01:07'),
(59,	'Cognitive',	'Can correctly identify both blue ducks (by their size & color but not weight)',	'Active',	'2018-03-05 15:01:07',	'2018-03-05 15:01:07'),
(60,	'Cognitive',	'Can\'t correctly identify both blue ducks (by their size & color but not weight)',	'Active',	'2018-03-05 15:01:07',	'2018-03-05 15:01:07'),
(61,	'Cognitive',	'Can correctly identify both little ducks and both big ducks',	'Active',	'2018-03-05 15:01:07',	'2018-03-05 15:01:07'),
(62,	'Cognitive',	'Can\'t correctly identify both little ducks and both big ducks',	'Active',	'2018-03-05 15:01:07',	'2018-03-05 15:01:07'),
(63,	'Cognitive',	'Can correctly identify heavy ducks when placed in both right & left hands',	'Active',	'2018-03-05 15:01:07',	'2018-03-05 15:01:07'),
(64,	'Cognitive',	'Can\'t correctly identify heavy ducks when placed in both right & left hands',	'Active',	'2018-03-05 15:01:07',	'2018-03-05 15:01:07'),
(65,	'Cognitive',	'Can correctly identify big blue duck',	'Active',	'2018-03-05 15:01:07',	'2018-03-05 15:01:07'),
(66,	'Cognitive',	'Can\'t correctly identify big blue duck',	'Active',	'2018-03-05 15:01:07',	'2018-03-05 15:01:07'),
(67,	'Receptive Communication',	'Can calm when spoken to',	'Active',	'2018-03-05 15:06:58',	'2018-03-05 15:06:58'),
(68,	'Receptive Communication',	'Can\'t calm when spoken to',	'Active',	'2018-03-05 15:06:59',	'2018-03-05 15:06:59'),
(69,	'Receptive Communication',	'Can clearly react to the sound presented ',	'Active',	'2018-03-05 15:07:00',	'2018-03-05 15:07:00'),
(70,	'Receptive Communication',	'Can\'t clearly react to the sound presented ',	'Active',	'2018-03-05 15:07:01',	'2018-03-05 15:07:01'),
(71,	'Receptive Communication',	'Can clearly respond to the person’s voice',	'Active',	'2018-03-05 15:07:01',	'2018-03-05 15:07:01'),
(72,	'Receptive Communication',	'Can\'t clearly respond to the person’s voice',	'Active',	'2018-03-05 15:07:02',	'2018-03-05 15:07:02'),
(73,	'Receptive Communication',	'Can purposely turn head towards the source of sound',	'Active',	'2018-03-05 15:07:02',	'2018-03-05 15:07:02'),
(74,	'Receptive Communication',	'Can\'t purposely turn head towards the source of sound',	'Active',	'2018-03-05 15:07:02',	'2018-03-05 15:07:02'),
(75,	'Receptive Communication',	'Can clearly respond to the sound of the rattle',	'Active',	'2018-03-05 15:07:02',	'2018-03-05 15:07:02'),
(76,	'Receptive Communication',	'Can\'t clearly respond to the sound of the rattle',	'Active',	'2018-03-05 15:07:02',	'2018-03-05 15:07:02'),
(77,	'Receptive Communication',	'Can interact with the objects for at least 60 secs',	'Active',	'2018-03-05 15:07:02',	'2018-03-05 15:07:02'),
(78,	'Receptive Communication',	'Can\'t interact with the objects for at least 60 secs',	'Active',	'2018-03-05 15:07:02',	'2018-03-05 15:07:02'),
(79,	'Receptive Communication',	'Can look up & can turn head both the times her name is called, but does not respond to unfamiliar name ',	'Active',	'2018-03-05 15:07:02',	'2018-03-05 15:07:02'),
(80,	'Receptive Communication',	'Can\'t look up & can turn head both the times her name is called, but does not respond to unfamiliar name ',	'Active',	'2018-03-05 15:07:02',	'2018-03-05 15:07:02'),
(81,	'Receptive Communication',	'Can briefly pauses during play when called by her name',	'Active',	'2018-03-05 15:07:02',	'2018-03-05 15:07:02'),
(82,	'Receptive Communication',	'Can\'t briefly pauses during play when called by her name',	'Active',	'2018-03-05 15:07:02',	'2018-03-05 15:07:02'),
(83,	'Receptive Communication',	'Can respond differentially to at least two familiar words',	'Active',	'2018-03-05 15:07:02',	'2018-03-05 15:07:02'),
(84,	'Receptive Communication',	'Can\'t respond differentially to at least two familiar words',	'Active',	'2018-03-05 15:07:02',	'2018-03-05 15:07:02'),
(85,	'Receptive Communication',	'Can maintain attention and enjoys interacting in a play routine',	'Active',	'2018-03-05 15:07:03',	'2018-03-05 15:07:03'),
(86,	'Receptive Communication',	'Can\'t maintain attention and enjoys interacting in a play routine',	'Active',	'2018-03-05 15:07:03',	'2018-03-05 15:07:03'),
(87,	'Receptive Communication',	'Can respond in an appropriate manner to at least one spoken request',	'Active',	'2018-03-05 15:07:03',	'2018-03-05 15:07:03'),
(88,	'Receptive Communication',	'Can\'t respond in an appropriate manner to at least one spoken request',	'Active',	'2018-03-05 15:07:03',	'2018-03-05 15:07:03'),
(89,	'Receptive Communication',	'Can correctly identify at least one object in her environment',	'Active',	'2018-03-05 15:07:03',	'2018-03-05 15:07:03'),
(90,	'Receptive Communication',	'Can\'t correctly identify at least one object in her environment',	'Active',	'2018-03-05 15:07:03',	'2018-03-05 15:07:03'),
(91,	'Receptive Communication',	'Can correctly identify object named',	'Active',	'2018-03-05 15:07:03',	'2018-03-05 15:07:03'),
(92,	'Receptive Communication',	'Can\'t correctly identify object named',	'Active',	'2018-03-05 15:07:03',	'2018-03-05 15:07:03'),
(93,	'Receptive Communication',	'Can pause in response to inhibitory words during a play routine',	'Active',	'2018-03-05 15:07:03',	'2018-03-05 15:07:03'),
(94,	'Receptive Communication',	'Can\'t pause in response to inhibitory words during a play routine',	'Active',	'2018-03-05 15:07:03',	'2018-03-05 15:07:03'),
(95,	'Receptive Communication',	'Can correctly identify at least three objects in her environment',	'Active',	'2018-03-05 15:07:04',	'2018-03-05 15:07:04'),
(96,	'Receptive Communication',	'Can\'t correctly identify at least three objects in her environment',	'Active',	'2018-03-05 15:07:04',	'2018-03-05 15:07:04'),
(97,	'Receptive Communication',	'Can correctly identify at least three test item pictures from a picture book',	'Active',	'2018-03-05 15:07:04',	'2018-03-05 15:07:04'),
(98,	'Receptive Communication',	'Can\'t correctly identify at least three test item pictures from a picture book',	'Active',	'2018-03-05 15:07:04',	'2018-03-05 15:07:04'),
(99,	'Receptive Communication',	'Can correctly identify at least one picture by action in a picture book',	'Active',	'2018-03-05 15:07:04',	'2018-03-05 15:07:04'),
(100,	'Receptive Communication',	'Can\'t correctly identify at least one picture by action in a picture book',	'Active',	'2018-03-05 15:07:04',	'2018-03-05 15:07:04'),
(101,	'Receptive Communication',	'Can correctly point to at least five body parts',	'Active',	'2018-03-05 15:07:04',	'2018-03-05 15:07:04'),
(102,	'Receptive Communication',	'Can\'t correctly point to at least five body parts',	'Active',	'2018-03-05 15:07:04',	'2018-03-05 15:07:04'),
(103,	'Receptive Communication',	'Can correctly follow at least one two part direction in its entirety',	'Active',	'2018-03-05 15:07:04',	'2018-03-05 15:07:04'),
(104,	'Receptive Communication',	'Can\'t correctly follow at least one two part direction in its entirety',	'Active',	'2018-03-05 15:07:04',	'2018-03-05 15:07:04'),
(105,	'Receptive Communication',	'Can correctly identify at least three pictures by action in a picture book',	'Active',	'2018-03-05 15:07:04',	'2018-03-05 15:07:04'),
(106,	'Receptive Communication',	'Can\'t correctly identify at least three pictures by action in a picture book',	'Active',	'2018-03-05 15:07:04',	'2018-03-05 15:07:04'),
(107,	'Receptive Communication',	'Can correctly identify at least three pictures by their use in a picture book',	'Active',	'2018-03-05 15:07:04',	'2018-03-05 15:07:04'),
(108,	'Receptive Communication',	'Can\'t correctly identify at least three pictures by their use in a picture book',	'Active',	'2018-03-05 15:07:04',	'2018-03-05 15:07:04'),
(109,	'Receptive Communication',	'Can correctly respond to directions, understanding at least three different pronouns',	'Active',	'2018-03-05 15:07:04',	'2018-03-05 15:07:04'),
(110,	'Receptive Communication',	'Can\'t correctly respond to directions, understanding at least three different pronouns',	'Active',	'2018-03-05 15:07:04',	'2018-03-05 15:07:04'),
(111,	'Receptive Communication',	'Can identify correct picture in a stimulus book understanding label',	'Active',	'2018-03-05 15:07:04',	'2018-03-05 15:07:04'),
(112,	'Receptive Communication',	'Can\'t identify correct picture in a stimulus book understanding label',	'Active',	'2018-03-05 15:07:04',	'2018-03-05 15:07:04'),
(113,	'Receptive Communication',	'Can correctly identify at least two pictures by understanding pronouns in a stimulus book understanding label',	'Active',	'2018-03-05 15:07:04',	'2018-03-05 15:07:04'),
(114,	'Receptive Communication',	'Can\'t correctly identify at least two pictures by understanding pronouns in a stimulus book understanding label',	'Active',	'2018-03-05 15:07:04',	'2018-03-05 15:07:04'),
(115,	'Expressive Communication',	'Can smile in response to speaker’s attention',	'Active',	'2018-03-05 15:10:45',	'2018-03-05 15:10:45'),
(116,	'Expressive Communication',	'Can\'t smile in response to speaker’s attention',	'Active',	'2018-03-05 15:10:46',	'2018-03-05 15:10:46'),
(117,	'Expressive Communication',	'Can produce vocalizations that express at least one mood',	'Active',	'2018-03-05 15:10:47',	'2018-03-05 15:10:47'),
(118,	'Expressive Communication',	'Can\'t produce vocalizations that express at least one mood',	'Active',	'2018-03-05 15:10:47',	'2018-03-05 15:10:47'),
(119,	'Expressive Communication',	'Can produce nasal vocalizations',	'Active',	'2018-03-05 15:10:47',	'2018-03-05 15:10:47'),
(120,	'Expressive Communication',	'Can\'t produce nasal vocalizations',	'Active',	'2018-03-05 15:10:47',	'2018-03-05 15:10:47'),
(121,	'Expressive Communication',	'Can vocalize or laugh in response to speaker’s attention',	'Active',	'2018-03-05 15:10:47',	'2018-03-05 15:10:47'),
(122,	'Expressive Communication',	'Can\'t vocalize or laugh in response to speaker’s attention',	'Active',	'2018-03-05 15:10:47',	'2018-03-05 15:10:47'),
(123,	'Expressive Communication',	'Can vocalize at least two different, distinct vowel sounds',	'Active',	'2018-03-05 15:10:47',	'2018-03-05 15:10:47'),
(124,	'Expressive Communication',	'Can\'t vocalize at least two different, distinct vowel sounds',	'Active',	'2018-03-05 15:10:47',	'2018-03-05 15:10:47'),
(125,	'Expressive Communication',	'Can try to get attention from you or others',	'Active',	'2018-03-05 15:10:47',	'2018-03-05 15:10:47'),
(126,	'Expressive Communication',	'Can\'t try to get attention from you or others',	'Active',	'2018-03-05 15:10:47',	'2018-03-05 15:10:47'),
(127,	'Expressive Communication',	'Can use at least one gesture to make wants known',	'Active',	'2018-03-05 15:10:47',	'2018-03-05 15:10:47'),
(128,	'Expressive Communication',	'Can\'t use at least one gesture to make wants known',	'Active',	'2018-03-05 15:10:47',	'2018-03-05 15:10:47'),
(129,	'Expressive Communication',	'Can imitate at least one repetitive consonant- vowel combination',	'Active',	'2018-03-05 15:10:47',	'2018-03-05 15:10:47'),
(130,	'Expressive Communication',	'Can\'t imitate at least one repetitive consonant- vowel combination',	'Active',	'2018-03-05 15:10:47',	'2018-03-05 15:10:47'),
(131,	'Expressive Communication',	'Can participate in a play routine',	'Active',	'2018-03-05 15:10:47',	'2018-03-05 15:10:47'),
(132,	'Expressive Communication',	'Can\'t participate in a play routine',	'Active',	'2018-03-05 15:10:47',	'2018-03-05 15:10:47'),
(133,	'Expressive Communication',	'Can produce at least one vocalization that contains inflections and is expressive',	'Active',	'2018-03-05 15:10:47',	'2018-03-05 15:10:47'),
(134,	'Expressive Communication',	'Can\'t produce at least one vocalization that contains inflections and is expressive',	'Active',	'2018-03-05 15:10:48',	'2018-03-05 15:10:48'),
(135,	'Expressive Communication',	'Can produce at least one- word approximations ',	'Active',	'2018-03-05 15:10:48',	'2018-03-05 15:10:48'),
(136,	'Expressive Communication',	'Can\'t produce at least one- word approximations ',	'Active',	'2018-03-05 15:10:48',	'2018-03-05 15:10:48'),
(137,	'Expressive Communication',	'Can point to show you at least one object',	'Active',	'2018-03-05 15:10:48',	'2018-03-05 15:10:48'),
(138,	'Expressive Communication',	'Can\'t point to show you at least one object',	'Active',	'2018-03-05 15:10:48',	'2018-03-05 15:10:48'),
(139,	'Expressive Communication',	'Can imitate at least one word, even if imitation consists of vowels only',	'Active',	'2018-03-05 15:10:48',	'2018-03-05 15:10:48'),
(140,	'Expressive Communication',	'Can\'t imitate at least one word, even if imitation consists of vowels only',	'Active',	'2018-03-05 15:10:48',	'2018-03-05 15:10:48'),
(141,	'Expressive Communication',	'Can initiate at least one interaction for play',	'Active',	'2018-03-05 15:10:48',	'2018-03-05 15:10:48'),
(142,	'Expressive Communication',	'Can\'t initiate at least one interaction for play',	'Active',	'2018-03-05 15:10:48',	'2018-03-05 15:10:48'),
(143,	'Expressive Communication',	'Can correctly name at least one picture ',	'Active',	'2018-03-05 15:10:48',	'2018-03-05 15:10:48'),
(144,	'Expressive Communication',	'Can\'t correctly name at least one picture ',	'Active',	'2018-03-05 15:10:48',	'2018-03-05 15:10:48'),
(145,	'Expressive Communication',	'Can use at least eight different words appropriately',	'Active',	'2018-03-05 15:10:48',	'2018-03-05 15:10:48'),
(146,	'Expressive Communication',	'Can\'t use at least eight different words appropriately',	'Active',	'2018-03-05 15:10:48',	'2018-03-05 15:10:48'),
(147,	'Expressive Communication',	'Can imitate a two word or multiple word utterance',	'Active',	'2018-03-05 15:10:48',	'2018-03-05 15:10:48'),
(148,	'Expressive Communication',	'Can\'t imitate a two word or multiple word utterance',	'Active',	'2018-03-05 15:10:48',	'2018-03-05 15:10:48'),
(149,	'Expressive Communication',	'Can produce at least one utterance that includes two or more words, each of which denotes a different concept',	'Active',	'2018-03-05 15:10:48',	'2018-03-05 15:10:48'),
(150,	'Expressive Communication',	'Can\'t produce at least one utterance that includes two or more words, each of which denotes a different concept',	'Active',	'2018-03-05 15:10:49',	'2018-03-05 15:10:49'),
(151,	'Expressive Communication',	'Can correctly name at least five pictures in a picture book',	'Active',	'2018-03-05 15:10:49',	'2018-03-05 15:10:49'),
(152,	'Expressive Communication',	'Can\'t correctly name at least five pictures in a picture book',	'Active',	'2018-03-05 15:10:49',	'2018-03-05 15:10:49'),
(153,	'Expressive Communication',	'Can use at least two multiple word utterances',	'Active',	'2018-03-05 15:10:49',	'2018-03-05 15:10:49'),
(154,	'Expressive Communication',	'Can\'t use at least two multiple word utterances',	'Active',	'2018-03-05 15:10:49',	'2018-03-05 15:10:49'),
(155,	'Expressive Communication',	'Can correctly name the action in atleast one picture in a picture book',	'Active',	'2018-03-05 15:10:49',	'2018-03-05 15:10:49'),
(156,	'Expressive Communication',	'Can\'t correctly name the action in atleast one picture in a picture book',	'Active',	'2018-03-05 15:10:49',	'2018-03-05 15:10:49'),
(157,	'Expressive Communication',	'Can produce at least one contingent utterance',	'Active',	'2018-03-05 15:10:49',	'2018-03-05 15:10:49'),
(158,	'Expressive Communication',	'Can\'t produce at least one contingent utterance',	'Active',	'2018-03-05 15:10:49',	'2018-03-05 15:10:49'),
(159,	'Expressive Communication',	'Can use verb with – ing to describe at least one pictured action in a stimulus book',	'Active',	'2018-03-05 15:10:49',	'2018-03-05 15:10:49'),
(160,	'Expressive Communication',	'Can\'t use verb with – ing to describe at least one pictured action in a stimulus book',	'Active',	'2018-03-05 15:10:49',	'2018-03-05 15:10:49'),
(161,	'Expressive Communication',	'Can correctly use plural forms to name at least five pictures in a stimulus book',	'Active',	'2018-03-05 15:10:49',	'2018-03-05 15:10:49'),
(162,	'Expressive Communication',	'Can\'t correctly use plural forms to name at least five pictures in a stimulus book',	'Active',	'2018-03-05 15:10:49',	'2018-03-05 15:10:49'),
(163,	'Fine Motor',	'Can follow moving person through midline to left and right',	'Active',	'2018-03-05 15:14:42',	'2018-03-05 15:14:42'),
(164,	'Fine Motor',	'Can\'t follow moving person through midline to left and right',	'Active',	'2018-03-05 15:14:43',	'2018-03-05 15:14:43'),
(165,	'Fine Motor',	'Can follow ring through one complete excursion',	'Active',	'2018-03-05 15:14:43',	'2018-03-05 15:14:43'),
(166,	'Fine Motor',	'Can\'t follow ring through one complete excursion',	'Active',	'2018-03-05 15:14:43',	'2018-03-05 15:14:43'),
(167,	'Fine Motor',	'Can purposely attempt to place her hand in mouth.',	'Active',	'2018-03-05 15:14:43',	'2018-03-05 15:14:43'),
(168,	'Fine Motor',	'Can\'t purposely attempt to place her hand in mouth.',	'Active',	'2018-03-05 15:14:43',	'2018-03-05 15:14:43'),
(169,	'Fine Motor',	'Can retain ring for at least 2 seconds',	'Active',	'2018-03-05 15:14:43',	'2018-03-05 15:14:43'),
(170,	'Fine Motor',	'Can\'t retain ring for at least 2 seconds',	'Active',	'2018-03-05 15:14:43',	'2018-03-05 15:14:43'),
(171,	'Fine Motor',	'Can follow ring through one complete excursion',	'Active',	'2018-03-05 15:14:44',	'2018-03-05 15:14:44'),
(172,	'Fine Motor',	'Can\'t follow ring through one complete excursion',	'Active',	'2018-03-05 15:14:44',	'2018-03-05 15:14:44'),
(173,	'Fine Motor',	'Can use at least one hand to grasp ring for at least 2 secs',	'Active',	'2018-03-05 15:14:44',	'2018-03-05 15:14:44'),
(174,	'Fine Motor',	'Can\'t use at least one hand to grasp ring for at least 2 secs',	'Active',	'2018-03-05 15:14:44',	'2018-03-05 15:14:44'),
(175,	'Fine Motor',	'Can extend one or both arms forward to reach block',	'Active',	'2018-03-05 15:14:44',	'2018-03-05 15:14:44'),
(176,	'Fine Motor',	'Can\'t extend one or both arms forward to reach block',	'Active',	'2018-03-05 15:14:44',	'2018-03-05 15:14:44'),
(177,	'Fine Motor',	'Can use her whole hand to grasp the pellet.',	'Active',	'2018-03-05 15:14:44',	'2018-03-05 15:14:44'),
(178,	'Fine Motor',	'Can\'t use her whole hand to grasp the pellet.',	'Active',	'2018-03-05 15:14:44',	'2018-03-05 15:14:44'),
(179,	'Fine Motor',	'Can use pad of her thumb and any fingertip to grasp block',	'Active',	'2018-03-05 15:14:45',	'2018-03-05 15:14:45'),
(180,	'Fine Motor',	'Can\'t use pad of her thumb and any fingertip to grasp block',	'Active',	'2018-03-05 15:14:45',	'2018-03-05 15:14:45'),
(181,	'Fine Motor',	'Can lift cup by handle using one hand',	'Active',	'2018-03-05 15:14:45',	'2018-03-05 15:14:45'),
(182,	'Fine Motor',	'Can\'t lift cup by handle using one hand',	'Active',	'2018-03-05 15:14:45',	'2018-03-05 15:14:45'),
(183,	'Fine Motor',	'Can use pad of her thumb and any fingertip to grasp block',	'Active',	'2018-03-05 15:14:45',	'2018-03-05 15:14:45'),
(184,	'Fine Motor',	'Can\'t use pad of her thumb and any fingertip to grasp block',	'Active',	'2018-03-05 15:14:45',	'2018-03-05 15:14:45'),
(185,	'Fine Motor',	'Can grasp crayon using a palmar grasp while making a mark on paper',	'Active',	'2018-03-05 15:14:45',	'2018-03-05 15:14:45'),
(186,	'Fine Motor',	'Can\'t grasp crayon using a palmar grasp while making a mark on paper',	'Active',	'2018-03-05 15:14:45',	'2018-03-05 15:14:45'),
(187,	'Fine Motor',	'Can extend her index finger while keeping other fingers curled',	'Active',	'2018-03-05 15:14:46',	'2018-03-05 15:14:46'),
(188,	'Fine Motor',	'Can\'t extend her index finger while keeping other fingers curled',	'Active',	'2018-03-05 15:14:46',	'2018-03-05 15:14:46'),
(189,	'Fine Motor',	'Can spontaneously and purposely scribble on paper',	'Active',	'2018-03-05 15:14:46',	'2018-03-05 15:14:46'),
(190,	'Fine Motor',	'Can\'t spontaneously and purposely scribble on paper',	'Active',	'2018-03-05 15:14:46',	'2018-03-05 15:14:46'),
(191,	'Fine Motor',	'Can stack at least two blocks vertically one above the other',	'Active',	'2018-03-05 15:14:46',	'2018-03-05 15:14:46'),
(192,	'Fine Motor',	'Can\'t stack at least two blocks vertically one above the other',	'Active',	'2018-03-05 15:14:46',	'2018-03-05 15:14:46'),
(193,	'Fine Motor',	'Can produce a stroke in any direction',	'Active',	'2018-03-05 15:14:46',	'2018-03-05 15:14:46'),
(194,	'Fine Motor',	'Can\'t produce a stroke in any direction',	'Active',	'2018-03-05 15:14:46',	'2018-03-05 15:14:46'),
(195,	'Fine Motor',	'Can place 10 pellets in bottle in 60 secs or less, one pellet at a time',	'Active',	'2018-03-05 15:14:46',	'2018-03-05 15:14:46'),
(196,	'Fine Motor',	'Can\'t place 10 pellets in bottle in 60 secs or less, one pellet at a time',	'Active',	'2018-03-05 15:14:46',	'2018-03-05 15:14:46'),
(197,	'Fine Motor',	'Can grasp crayon using fingers and partial thumb opposition while making a mark on paper',	'Active',	'2018-03-05 15:14:46',	'2018-03-05 15:14:46'),
(198,	'Fine Motor',	'Can\'t grasp crayon using fingers and partial thumb opposition while making a mark on paper',	'Active',	'2018-03-05 15:14:47',	'2018-03-05 15:14:47'),
(199,	'Fine Motor',	'Can grasp crayon using a static tripod (thumb and two fingers) or quadrupod (thumb and three fingers) grasp while making a mark on the paper.',	'Active',	'2018-03-05 15:14:47',	'2018-03-05 15:14:47'),
(200,	'Fine Motor',	'Can\'t grasp crayon using a static tripod (thumb and two fingers) or quadrupod (thumb and three fingers) grasp while making a mark on the paper.',	'Active',	'2018-03-05 15:14:47',	'2018-03-05 15:14:47'),
(201,	'Fine Motor',	'Can stack at least six blocks vertically one above the other',	'Active',	'2018-03-05 15:14:47',	'2018-03-05 15:14:47'),
(202,	'Fine Motor',	'Can\'t stack at least six blocks vertically one above the other',	'Active',	'2018-03-05 15:14:47',	'2018-03-05 15:14:47'),
(203,	'Fine Motor',	'Can hold paper in place with one hand while she scribbles or draws with the other',	'Active',	'2018-03-05 15:14:48',	'2018-03-05 15:14:48'),
(204,	'Fine Motor',	'Can\'t hold paper in place with one hand while she scribbles or draws with the other',	'Active',	'2018-03-05 15:14:48',	'2018-03-05 15:14:48'),
(205,	'Fine Motor',	'Can make horizontal stroke within approximately 30 degrees of the horizontal line',	'Active',	'2018-03-05 15:14:48',	'2018-03-05 15:14:48'),
(206,	'Fine Motor',	'Can\'t make horizontal stroke within approximately 30 degrees of the horizontal line',	'Active',	'2018-03-05 15:14:48',	'2018-03-05 15:14:48'),
(207,	'Fine Motor',	'Can produce a mostly curved shape',	'Active',	'2018-03-05 15:14:48',	'2018-03-05 15:14:48'),
(208,	'Fine Motor',	'Can\'t produce a mostly curved shape',	'Active',	'2018-03-05 15:14:48',	'2018-03-05 15:14:48'),
(209,	'Fine Motor',	'Can string at least three blocks on shoe lace',	'Active',	'2018-03-05 15:14:48',	'2018-03-05 15:14:48'),
(210,	'Fine Motor',	'Can\'t string at least three blocks on shoe lace',	'Active',	'2018-03-05 15:14:50',	'2018-03-05 15:14:50'),
(211,	'Fine Motor',	'Can make two snips at least ½ inch long',	'Active',	'2018-03-05 15:14:50',	'2018-03-05 15:14:50'),
(212,	'Fine Motor',	'Can\'t make two snips at least ½ inch long',	'Active',	'2018-03-05 15:14:50',	'2018-03-05 15:14:50'),
(213,	'Fine Motor',	'Can grasp crayon using a mature, controlled, dynamic grasp while making a mark on paper',	'Active',	'2018-03-05 15:14:50',	'2018-03-05 15:14:50'),
(214,	'Fine Motor',	'Can\'t grasp crayon using a mature, controlled, dynamic grasp while making a mark on paper',	'Active',	'2018-03-05 15:14:50',	'2018-03-05 15:14:50'),
(215,	'Fine Motor',	'Can replicate wall using blocks',	'Active',	'2018-03-05 15:14:50',	'2018-03-05 15:14:50'),
(216,	'Fine Motor',	'Can\'t replicate wall using blocks',	'Active',	'2018-03-05 15:14:51',	'2018-03-05 15:14:51'),
(217,	'Gross Motor',	'Can intermittently lift head free of caretaker’s shoulder without support',	'Active',	'2018-03-05 15:19:01',	'2018-03-05 15:19:01'),
(218,	'Gross Motor',	'Can\'t intermittently lift head free of caretaker’s shoulder without support',	'Active',	'2018-03-05 15:19:01',	'2018-03-05 15:19:01'),
(219,	'Gross Motor',	'Can hold head erect for at least 3 secs without support',	'Active',	'2018-03-05 15:19:01',	'2018-03-05 15:19:01'),
(220,	'Gross Motor',	'Can\'t hold head erect for at least 3 secs without support',	'Active',	'2018-03-05 15:19:01',	'2018-03-05 15:19:01'),
(221,	'Gross Motor',	'Can turn head from one side to the other by raising her head off the supporting surface enough to clear the nose and on both the sides',	'Active',	'2018-03-05 15:19:01',	'2018-03-05 15:19:01'),
(222,	'Gross Motor',	'Can\'t turn head from one side to the other by raising her head off the supporting surface enough to clear the nose and on both the sides',	'Active',	'2018-03-05 15:19:01',	'2018-03-05 15:19:01'),
(223,	'Gross Motor',	'Can make alternating crawling movements with her legs',	'Active',	'2018-03-05 15:19:01',	'2018-03-05 15:19:01'),
(224,	'Gross Motor',	'Can\'t make alternating crawling movements with her legs',	'Active',	'2018-03-05 15:19:02',	'2018-03-05 15:19:02'),
(225,	'Gross Motor',	'Can hold head erect and steady for at least 15 secs without support',	'Active',	'2018-03-05 15:19:02',	'2018-03-05 15:19:02'),
(226,	'Gross Motor',	'Can\'t hold head erect and steady for at least 15 secs without support',	'Active',	'2018-03-05 15:19:02',	'2018-03-05 15:19:02'),
(227,	'Gross Motor',	'Can elevate head and upper trunk by pushing up on elbows or forearms',	'Active',	'2018-03-05 15:19:02',	'2018-03-05 15:19:02'),
(228,	'Gross Motor',	'Can\'t elevate head and upper trunk by pushing up on elbows or forearms',	'Active',	'2018-03-05 15:19:02',	'2018-03-05 15:19:02'),
(229,	'Gross Motor',	'Can tense muscles in an effort to maintain sitting position',	'Active',	'2018-03-05 15:19:02',	'2018-03-05 15:19:02'),
(230,	'Gross Motor',	'Can\'t tense muscles in an effort to maintain sitting position',	'Active',	'2018-03-05 15:19:02',	'2018-03-05 15:19:02'),
(231,	'Gross Motor',	'Can sit with slight support for at least 30 secs.',	'Active',	'2018-03-05 15:19:02',	'2018-03-05 15:19:02'),
(232,	'Gross Motor',	'Can\'t sit with slight support for at least 30 secs.',	'Active',	'2018-03-05 15:19:02',	'2018-03-05 15:19:02'),
(233,	'Gross Motor',	'Can turn from back to both right and left sides',	'Active',	'2018-03-05 15:19:02',	'2018-03-05 15:19:02'),
(234,	'Gross Motor',	'Can\'t turn from back to both right and left sides',	'Active',	'2018-03-05 15:19:02',	'2018-03-05 15:19:02'),
(235,	'Gross Motor',	'Can roll from back to stomach, from either side',	'Active',	'2018-03-05 15:19:02',	'2018-03-05 15:19:02'),
(236,	'Gross Motor',	'Can\'t roll from back to stomach, from either side',	'Active',	'2018-03-05 15:19:02',	'2018-03-05 15:19:02'),
(237,	'Gross Motor',	'Can sit alone for at least 60 secs while manipulating an object with both hands.',	'Active',	'2018-03-05 15:19:02',	'2018-03-05 15:19:02'),
(238,	'Gross Motor',	'Can\'t sit alone for at least 60 secs while manipulating an object with both hands.',	'Active',	'2018-03-05 15:19:02',	'2018-03-05 15:19:02'),
(239,	'Gross Motor',	'Can use both arm to move forward on stomach approximately three feet or more',	'Active',	'2018-03-05 15:19:02',	'2018-03-05 15:19:02'),
(240,	'Gross Motor',	'Can\'t use both arm to move forward on stomach approximately three feet or more',	'Active',	'2018-03-05 15:19:02',	'2018-03-05 15:19:02'),
(241,	'Gross Motor',	'Can walk with support by making coordinated, alternating stepping movements',	'Active',	'2018-03-05 15:19:02',	'2018-03-05 15:19:02'),
(242,	'Gross Motor',	'Can\'t walk with support by making coordinated, alternating stepping movements',	'Active',	'2018-03-05 15:19:02',	'2018-03-05 15:19:02'),
(243,	'Gross Motor',	'Can purposely lower from a standing to a sitting position in a controlled manner',	'Active',	'2018-03-05 15:19:02',	'2018-03-05 15:19:02'),
(244,	'Gross Motor',	'Can\'t purposely lower from a standing to a sitting position in a controlled manner',	'Active',	'2018-03-05 15:19:02',	'2018-03-05 15:19:02'),
(245,	'Gross Motor',	'Can stand alone for at least 3 secs after you release her hands',	'Active',	'2018-03-05 15:19:03',	'2018-03-05 15:19:03'),
(246,	'Gross Motor',	'Can\'t stand alone for at least 3 secs after you release her hands',	'Active',	'2018-03-05 15:19:03',	'2018-03-05 15:19:03'),
(247,	'Gross Motor',	'Can take at least five steps independently, displaying coordination & balance',	'Active',	'2018-03-05 15:19:03',	'2018-03-05 15:19:03'),
(248,	'Gross Motor',	'Can\'t take at least five steps independently, displaying coordination & balance',	'Active',	'2018-03-05 15:19:03',	'2018-03-05 15:19:03'),
(249,	'Gross Motor',	'Can move from standing to squatting to standing position while maintaining balance without using any support',	'Active',	'2018-03-05 15:19:03',	'2018-03-05 15:19:03'),
(250,	'Gross Motor',	'Can\'t move from standing to squatting to standing position while maintaining balance without using any support',	'Active',	'2018-03-05 15:19:03',	'2018-03-05 15:19:03'),
(251,	'Gross Motor',	'Can walk down at least three steps, using wall or handrail for support, placing both feet on each step before stepping down to the next.',	'Active',	'2018-03-05 15:19:03',	'2018-03-05 15:19:03'),
(252,	'Gross Motor',	'Can\'t walk down at least three steps, using wall or handrail for support, placing both feet on each step before stepping down to the next.',	'Active',	'2018-03-05 15:19:03',	'2018-03-05 15:19:03'),
(253,	'Gross Motor',	'Can balance on one foot (i.e. Left or right) while one of her hands is held',	'Active',	'2018-03-05 15:19:03',	'2018-03-05 15:19:03'),
(254,	'Gross Motor',	'Can\'t balance on one foot (i.e. Left or right) while one of her hands is held',	'Active',	'2018-03-05 15:19:03',	'2018-03-05 15:19:03'),
(255,	'Gross Motor',	'Can jump to the floor',	'Active',	'2018-03-05 15:19:03',	'2018-03-05 15:19:03'),
(256,	'Gross Motor',	'Can\'t jump to the floor',	'Active',	'2018-03-05 15:19:03',	'2018-03-05 15:19:03'),
(257,	'Gross Motor',	'Can maintain balance while kicking ball in a forward direction at least 2 feet',	'Active',	'2018-03-05 15:19:03',	'2018-03-05 15:19:03'),
(258,	'Gross Motor',	'Can\'t maintain balance while kicking ball in a forward direction at least 2 feet',	'Active',	'2018-03-05 15:19:03',	'2018-03-05 15:19:03'),
(259,	'Gross Motor',	'Can walk with at least one foot (i.e. Left or right) on path for at least 5 feet',	'Active',	'2018-03-05 15:19:03',	'2018-03-05 15:19:03'),
(260,	'Gross Motor',	'Can\'t walk with at least one foot (i.e. Left or right) on path for at least 5 feet',	'Active',	'2018-03-05 15:19:03',	'2018-03-05 15:19:03'),
(261,	'Gross Motor',	'Can walk up three steps without using wall or handrail for support. places both feet on each step before stepping down to the next',	'Active',	'2018-03-05 15:19:03',	'2018-03-05 15:19:03'),
(262,	'Gross Motor',	'Can\'t walk up three steps without using wall or handrail for support. places both feet on each step before stepping down to the next',	'Active',	'2018-03-05 15:19:03',	'2018-03-05 15:19:03'),
(263,	'Gross Motor',	'Can jump at least 4 inches in any trial',	'Active',	'2018-03-05 15:19:03',	'2018-03-05 15:19:03'),
(264,	'Gross Motor',	'Can\'t jump at least 4 inches in any trial',	'Active',	'2018-03-05 15:19:03',	'2018-03-05 15:19:03'),
(265,	'Gross Motor',	'Can balance alone on left foot for at least 2 secs. ',	'Active',	'2018-03-05 15:19:03',	'2018-03-05 15:19:03'),
(266,	'Gross Motor',	'Can\'t balance alone on left foot for at least 2 secs. ',	'Active',	'2018-03-05 15:19:04',	'2018-03-05 15:19:04'),
(267,	'Gross Motor',	'Can balance alone on right foot for at least 2 secs.',	'Active',	'2018-03-05 15:19:04',	'2018-03-05 15:19:04'),
(268,	'Gross Motor',	'Can\'t balance alone on right foot for at least 2 secs.',	'Active',	'2018-03-05 15:19:04',	'2018-03-05 15:19:04'),
(269,	'Gross Motor',	'Can walk backward unassisted close to the path for at least 5 feet',	'Active',	'2018-03-05 15:19:04',	'2018-03-05 15:19:04'),
(270,	'Gross Motor',	'Can\'t walk backward unassisted close to the path for at least 5 feet',	'Active',	'2018-03-05 15:19:04',	'2018-03-05 15:19:04'),
(271,	'Gross Motor',	'Can walk up-stairs without using wall or hand rail for support and alternates feet on each step',	'Active',	'2018-03-05 15:19:04',	'2018-03-05 15:19:04'),
(272,	'Gross Motor',	'Can\'t walk up-stairs without using wall or hand rail for support and alternates feet on each step',	'Active',	'2018-03-05 15:19:04',	'2018-03-05 15:19:04');

DROP TABLE IF EXISTS `mst_roles`;
CREATE TABLE `mst_roles` (
  `id` int(11) NOT NULL AUTO_INCREMENT,
  `role_name` varchar(255) NOT NULL,
  `status` enum('Active','Inactive') NOT NULL,
  `created` datetime NOT NULL,
  `modified` datetime NOT NULL,
  PRIMARY KEY (`id`)
) ENGINE=InnoDB DEFAULT CHARSET=latin1;

INSERT INTO `mst_roles` (`id`, `role_name`, `status`, `created`, `modified`) VALUES
(1,	'doctors',	'Active',	'2018-01-29 14:20:51',	'2018-01-29 14:20:51'),
(2,	'Reception',	'Active',	'2018-02-16 14:26:35',	'2018-02-16 14:26:35'),
(4,	'admin',	'Active',	'2018-02-24 16:37:16',	'2018-02-24 16:37:16');

DROP TABLE IF EXISTS `mst_rooms`;
CREATE TABLE `mst_rooms` (
  `id` int(11) NOT NULL AUTO_INCREMENT,
  `branch_id` int(11) NOT NULL,
  `room_name` varchar(255) NOT NULL,
  `room_no` varchar(255) NOT NULL,
  `created` datetime NOT NULL,
  `modified` datetime NOT NULL,
  PRIMARY KEY (`id`)
) ENGINE=InnoDB DEFAULT CHARSET=latin1;

INSERT INTO `mst_rooms` (`id`, `branch_id`, `room_name`, `room_no`, `created`, `modified`) VALUES
(1,	1,	'Room 1',	'R-1',	'2018-01-29 14:44:06',	'2018-01-29 14:44:06'),
(2,	1,	'Room 2',	'R-2',	'2018-01-29 14:20:32',	'2018-01-29 14:20:32'),
(3,	1,	'Room-3',	'R-3',	'2018-02-20 10:12:53',	'2018-02-20 10:12:53');

DROP TABLE IF EXISTS `mst_room_slots`;
CREATE TABLE `mst_room_slots` (
  `id` int(11) NOT NULL AUTO_INCREMENT,
  `room_id` int(11) NOT NULL,
  `slot_timining` varchar(255) NOT NULL,
  `slot_from` time NOT NULL,
  `slot_to` time NOT NULL,
  `status` enum('Active','Inactive') NOT NULL DEFAULT 'Active',
  `created` datetime NOT NULL,
  `modified` datetime NOT NULL,
  PRIMARY KEY (`id`)
) ENGINE=InnoDB DEFAULT CHARSET=latin1;

INSERT INTO `mst_room_slots` (`id`, `room_id`, `slot_timining`, `slot_from`, `slot_to`, `status`, `created`, `modified`) VALUES
(1,	1,	'',	'09:00:00',	'09:30:00',	'Active',	'2018-02-01 11:01:23',	'0000-00-00 00:00:00'),
(2,	1,	'',	'09:30:00',	'10:00:00',	'Active',	'2018-02-01 11:01:48',	'0000-00-00 00:00:00'),
(3,	1,	'',	'10:00:00',	'10:30:00',	'Active',	'2018-02-01 11:02:59',	'0000-00-00 00:00:00'),
(4,	1,	'',	'11:00:00',	'11:30:00',	'Active',	'2018-02-01 11:03:36',	'0000-00-00 00:00:00'),
(5,	1,	'',	'11:30:00',	'12:00:00',	'Active',	'0000-00-00 00:00:00',	'0000-00-00 00:00:00'),
(6,	2,	'',	'09:00:00',	'09:30:00',	'Active',	'2018-02-01 11:06:23',	'0000-00-00 00:00:00'),
(7,	2,	'',	'09:30:00',	'10:00:00',	'Active',	'2018-02-01 11:06:47',	'0000-00-00 00:00:00'),
(8,	2,	'',	'10:30:00',	'11:00:00',	'Active',	'2018-02-01 11:07:07',	'0000-00-00 00:00:00'),
(9,	3,	'',	'09:30:00',	'10:00:00',	'Active',	'2018-02-01 11:07:51',	'0000-00-00 00:00:00'),
(10,	3,	'',	'10:00:00',	'10:30:00',	'Active',	'0000-00-00 00:00:00',	'0000-00-00 00:00:00'),
(11,	3,	'',	'10:30:00',	'11:00:00',	'Active',	'2018-02-01 11:08:51',	'0000-00-00 00:00:00');

DROP TABLE IF EXISTS `mst_scores`;
CREATE TABLE `mst_scores` (
  `id` int(11) NOT NULL AUTO_INCREMENT,
  `mst_age_id` int(11) NOT NULL,
  `mst_sub_test_id` int(11) NOT NULL,
  `mst_domain_names_id` int(11) NOT NULL,
  `type` varchar(255) NOT NULL,
  `min_value` int(11) NOT NULL,
  `max_value` int(11) NOT NULL,
  `status` enum('Active','Inactive') NOT NULL,
  `created` datetime NOT NULL,
  `modified` datetime NOT NULL,
  PRIMARY KEY (`id`)
) ENGINE=InnoDB DEFAULT CHARSET=latin1;

INSERT INTO `mst_scores` (`id`, `mst_age_id`, `mst_sub_test_id`, `mst_domain_names_id`, `type`, `min_value`, `max_value`, `status`, `created`, `modified`) VALUES
(1,	1,	2,	1,	'At Risk',	0,	0,	'Active',	'2018-03-13 15:01:40',	'0000-00-00 00:00:00'),
(2,	1,	2,	1,	'Emerging',	0,	2,	'Active',	'2018-03-13 15:01:41',	'0000-00-00 00:00:00'),
(3,	1,	2,	1,	'Competent',	3,	33,	'Active',	'2018-03-13 15:01:41',	'0000-00-00 00:00:00'),
(4,	1,	2,	2,	'At Risk',	0,	0,	'Active',	'2018-03-13 15:02:29',	'0000-00-00 00:00:00'),
(5,	1,	2,	2,	'Emerging',	1,	2,	'Active',	'2018-03-13 15:02:29',	'0000-00-00 00:00:00'),
(6,	1,	2,	2,	'Competent',	3,	24,	'Active',	'2018-03-13 15:02:29',	'0000-00-00 00:00:00'),
(7,	1,	2,	3,	'At Risk',	0,	0,	'Active',	'2018-03-13 15:03:07',	'0000-00-00 00:00:00'),
(8,	1,	2,	3,	'Emerging',	0,	1,	'Active',	'2018-03-13 15:03:07',	'0000-00-00 00:00:00'),
(9,	1,	2,	3,	'Competent',	2,	24,	'Active',	'2018-03-13 15:03:07',	'0000-00-00 00:00:00'),
(10,	1,	2,	4,	'At Risk',	0,	0,	'Active',	'2018-03-13 15:03:34',	'0000-00-00 00:00:00'),
(11,	1,	2,	4,	'Emerging',	0,	2,	'Active',	'2018-03-13 15:03:34',	'0000-00-00 00:00:00'),
(12,	1,	2,	4,	'Competent',	3,	27,	'Active',	'2018-03-13 15:03:34',	'0000-00-00 00:00:00'),
(13,	1,	2,	5,	'At Risk',	0,	0,	'Active',	'2018-03-13 15:04:08',	'0000-00-00 00:00:00'),
(14,	1,	2,	5,	'Emerging',	0,	2,	'Active',	'2018-03-13 15:04:08',	'0000-00-00 00:00:00'),
(15,	1,	2,	5,	'Competent',	3,	28,	'Active',	'2018-03-13 15:04:08',	'0000-00-00 00:00:00'),
(16,	2,	2,	1,	'At Risk',	0,	3,	'Active',	'2018-03-13 15:04:42',	'0000-00-00 00:00:00'),
(17,	2,	2,	1,	'Emerging',	4,	6,	'Active',	'2018-03-13 15:04:42',	'0000-00-00 00:00:00'),
(18,	2,	2,	1,	'Competent',	7,	33,	'Active',	'2018-03-13 15:04:42',	'0000-00-00 00:00:00'),
(19,	2,	2,	2,	'At Risk',	0,	3,	'Active',	'2018-03-13 15:05:15',	'0000-00-00 00:00:00'),
(20,	2,	2,	2,	'Emerging',	4,	5,	'Active',	'2018-03-13 15:05:15',	'0000-00-00 00:00:00'),
(21,	2,	2,	2,	'Competent',	6,	24,	'Active',	'2018-03-13 15:05:15',	'0000-00-00 00:00:00'),
(22,	2,	2,	3,	'At Risk',	0,	2,	'Active',	'2018-03-13 15:05:44',	'0000-00-00 00:00:00'),
(23,	2,	2,	3,	'Emerging',	3,	4,	'Active',	'2018-03-13 15:05:44',	'0000-00-00 00:00:00'),
(24,	2,	2,	3,	'Competent',	5,	24,	'Active',	'2018-03-13 15:05:44',	'0000-00-00 00:00:00'),
(25,	2,	2,	4,	'At Risk',	0,	3,	'Active',	'2018-03-13 15:06:13',	'0000-00-00 00:00:00'),
(26,	2,	2,	4,	'Emerging',	4,	6,	'Active',	'2018-03-13 15:06:13',	'0000-00-00 00:00:00'),
(27,	2,	2,	4,	'Competent',	7,	27,	'Active',	'2018-03-13 15:06:13',	'0000-00-00 00:00:00'),
(28,	2,	2,	5,	'At Risk',	0,	4,	'Active',	'2018-03-13 15:06:48',	'0000-00-00 00:00:00'),
(29,	2,	2,	5,	'Emerging',	5,	6,	'Active',	'2018-03-13 15:06:48',	'0000-00-00 00:00:00'),
(30,	2,	2,	5,	'Competent',	7,	28,	'Active',	'2018-03-13 15:06:48',	'0000-00-00 00:00:00'),
(31,	3,	2,	1,	'At Risk',	0,	6,	'Active',	'2018-03-13 15:07:21',	'0000-00-00 00:00:00'),
(32,	3,	2,	1,	'Emerging',	7,	9,	'Active',	'2018-03-13 15:07:21',	'0000-00-00 00:00:00'),
(33,	3,	2,	1,	'Competent',	10,	33,	'Active',	'2018-03-13 15:07:21',	'0000-00-00 00:00:00'),
(34,	3,	2,	2,	'At Risk',	0,	5,	'Active',	'2018-03-13 15:07:45',	'0000-00-00 00:00:00'),
(35,	3,	2,	2,	'Emerging',	6,	7,	'Active',	'2018-03-13 15:07:45',	'0000-00-00 00:00:00'),
(36,	3,	2,	2,	'Competent',	8,	24,	'Active',	'2018-03-13 15:07:45',	'0000-00-00 00:00:00'),
(37,	3,	2,	3,	'At Risk',	0,	3,	'Active',	'2018-03-13 15:08:19',	'0000-00-00 00:00:00'),
(38,	3,	2,	3,	'Emerging',	4,	5,	'Active',	'2018-03-13 15:08:19',	'0000-00-00 00:00:00'),
(39,	3,	2,	3,	'Competent',	6,	24,	'Active',	'2018-03-13 15:08:19',	'0000-00-00 00:00:00'),
(40,	3,	2,	4,	'At Risk',	0,	6,	'Active',	'2018-03-13 15:08:52',	'0000-00-00 00:00:00'),
(41,	3,	2,	4,	'Emerging',	7,	8,	'Active',	'2018-03-13 15:08:52',	'0000-00-00 00:00:00'),
(42,	3,	2,	4,	'Competent',	9,	27,	'Active',	'2018-03-13 15:08:52',	'0000-00-00 00:00:00'),
(43,	3,	2,	5,	'At Risk',	0,	7,	'Active',	'2018-03-13 15:09:20',	'0000-00-00 00:00:00'),
(44,	3,	2,	5,	'Emerging',	8,	10,	'Active',	'2018-03-13 15:09:20',	'0000-00-00 00:00:00'),
(45,	3,	2,	5,	'Competent',	11,	28,	'Active',	'2018-03-13 15:09:21',	'0000-00-00 00:00:00'),
(46,	4,	2,	1,	'At Risk',	0,	9,	'Active',	'2018-03-13 15:10:01',	'0000-00-00 00:00:00'),
(47,	4,	2,	1,	'Emerging',	10,	13,	'Active',	'2018-03-13 15:10:01',	'0000-00-00 00:00:00'),
(48,	4,	2,	1,	'Competent',	14,	33,	'Active',	'2018-03-13 15:10:01',	'0000-00-00 00:00:00'),
(49,	4,	2,	2,	'At Risk',	0,	6,	'Active',	'2018-03-13 15:10:26',	'0000-00-00 00:00:00'),
(50,	4,	2,	2,	'Emerging',	7,	9,	'Active',	'2018-03-13 15:10:26',	'0000-00-00 00:00:00'),
(51,	4,	2,	2,	'Competent',	10,	24,	'Active',	'2018-03-13 15:10:26',	'0000-00-00 00:00:00'),
(52,	4,	2,	3,	'At Risk',	0,	4,	'Active',	'2018-03-13 15:10:50',	'0000-00-00 00:00:00'),
(53,	4,	2,	3,	'Emerging',	5,	8,	'Active',	'2018-03-13 15:10:50',	'0000-00-00 00:00:00'),
(54,	4,	2,	3,	'Competent',	9,	24,	'Active',	'2018-03-13 15:10:50',	'0000-00-00 00:00:00'),
(55,	4,	2,	4,	'At Risk',	0,	8,	'Active',	'2018-03-13 15:11:27',	'0000-00-00 00:00:00'),
(56,	4,	2,	4,	'Emerging',	9,	10,	'Active',	'2018-03-13 15:11:27',	'0000-00-00 00:00:00'),
(57,	4,	2,	4,	'Competent',	11,	27,	'Active',	'2018-03-13 15:11:27',	'0000-00-00 00:00:00'),
(58,	4,	2,	5,	'At Risk',	0,	10,	'Active',	'2018-03-13 15:11:59',	'0000-00-00 00:00:00'),
(59,	4,	2,	5,	'Emerging',	11,	12,	'Active',	'2018-03-13 15:11:59',	'0000-00-00 00:00:00'),
(60,	4,	2,	5,	'Competent',	13,	28,	'Active',	'2018-03-13 15:12:00',	'0000-00-00 00:00:00'),
(61,	5,	2,	1,	'At Risk',	0,	13,	'Active',	'2018-03-13 15:12:53',	'0000-00-00 00:00:00'),
(62,	5,	2,	1,	'Emerging',	14,	16,	'Active',	'2018-03-13 15:12:53',	'0000-00-00 00:00:00'),
(63,	5,	2,	1,	'Competent',	17,	33,	'Active',	'2018-03-13 15:12:53',	'0000-00-00 00:00:00'),
(64,	5,	2,	2,	'At Risk',	0,	9,	'Active',	'2018-03-13 15:13:21',	'0000-00-00 00:00:00'),
(65,	5,	2,	2,	'Emerging',	10,	11,	'Active',	'2018-03-13 15:13:21',	'0000-00-00 00:00:00'),
(66,	5,	2,	2,	'Competent',	12,	24,	'Active',	'2018-03-13 15:13:21',	'0000-00-00 00:00:00'),
(67,	5,	2,	3,	'At Risk',	0,	9,	'Active',	'2018-03-13 15:13:54',	'0000-00-00 00:00:00'),
(68,	5,	2,	3,	'Emerging',	10,	12,	'Active',	'2018-03-13 15:13:54',	'0000-00-00 00:00:00'),
(69,	5,	2,	3,	'Competent',	13,	24,	'Active',	'2018-03-13 15:13:54',	'0000-00-00 00:00:00'),
(70,	5,	2,	4,	'At Risk',	0,	10,	'Active',	'2018-03-13 15:14:23',	'0000-00-00 00:00:00'),
(71,	5,	2,	4,	'Emerging',	11,	13,	'Active',	'2018-03-13 15:14:23',	'0000-00-00 00:00:00'),
(72,	5,	2,	4,	'Competent',	14,	27,	'Active',	'2018-03-13 15:14:23',	'0000-00-00 00:00:00'),
(73,	5,	2,	5,	'At Risk',	0,	12,	'Active',	'2018-03-13 15:14:59',	'0000-00-00 00:00:00'),
(74,	5,	2,	5,	'Emerging',	13,	16,	'Active',	'2018-03-13 15:14:59',	'0000-00-00 00:00:00'),
(75,	5,	2,	5,	'Competent',	17,	28,	'Active',	'2018-03-13 15:14:59',	'0000-00-00 00:00:00'),
(76,	6,	2,	1,	'At Risk',	0,	16,	'Active',	'2018-03-13 15:15:38',	'0000-00-00 00:00:00'),
(77,	6,	2,	1,	'Emerging',	17,	20,	'Active',	'2018-03-13 15:15:38',	'0000-00-00 00:00:00'),
(78,	6,	2,	1,	'Competent',	21,	33,	'Active',	'2018-03-13 15:15:38',	'0000-00-00 00:00:00'),
(79,	6,	2,	2,	'At Risk',	0,	11,	'Active',	'2018-03-13 15:16:04',	'0000-00-00 00:00:00'),
(80,	6,	2,	2,	'Emerging',	12,	15,	'Active',	'2018-03-13 15:16:04',	'0000-00-00 00:00:00'),
(81,	6,	2,	2,	'Competent',	16,	24,	'Active',	'2018-03-13 15:16:04',	'0000-00-00 00:00:00'),
(82,	6,	2,	3,	'At Risk',	0,	11,	'Active',	'2018-03-13 15:16:31',	'0000-00-00 00:00:00'),
(83,	6,	2,	3,	'Emerging',	12,	15,	'Active',	'2018-03-13 15:16:31',	'0000-00-00 00:00:00'),
(84,	6,	2,	3,	'Competent',	16,	24,	'Active',	'2018-03-13 15:16:31',	'0000-00-00 00:00:00'),
(85,	6,	2,	4,	'At Risk',	0,	11,	'Active',	'2018-03-13 15:17:12',	'0000-00-00 00:00:00'),
(86,	6,	2,	4,	'Emerging',	12,	16,	'Active',	'2018-03-13 15:17:12',	'0000-00-00 00:00:00'),
(87,	6,	2,	4,	'Competent',	17,	27,	'Active',	'2018-03-13 15:17:12',	'0000-00-00 00:00:00'),
(88,	6,	2,	5,	'At Risk',	0,	16,	'Active',	'2018-03-13 15:17:47',	'0000-00-00 00:00:00'),
(89,	6,	2,	5,	'Emerging',	17,	18,	'Active',	'2018-03-13 15:17:47',	'0000-00-00 00:00:00'),
(90,	6,	2,	5,	'Competent',	19,	28,	'Active',	'2018-03-13 15:17:47',	'0000-00-00 00:00:00'),
(91,	7,	2,	1,	'At Risk',	0,	20,	'Active',	'2018-03-13 15:19:18',	'0000-00-00 00:00:00'),
(92,	7,	2,	1,	'Emerging',	21,	24,	'Active',	'2018-03-13 15:19:18',	'0000-00-00 00:00:00'),
(93,	7,	2,	1,	'Competent',	25,	33,	'Active',	'2018-03-13 15:19:18',	'0000-00-00 00:00:00'),
(94,	7,	2,	2,	'At Risk',	0,	12,	'Active',	'2018-03-13 15:19:47',	'0000-00-00 00:00:00'),
(95,	7,	2,	2,	'Emerging',	13,	18,	'Active',	'2018-03-13 15:19:47',	'0000-00-00 00:00:00'),
(96,	7,	2,	2,	'Competent',	19,	24,	'Active',	'2018-03-13 15:19:47',	'0000-00-00 00:00:00'),
(97,	7,	2,	3,	'At Risk',	0,	12,	'Active',	'2018-03-13 15:20:19',	'0000-00-00 00:00:00'),
(98,	7,	2,	3,	'Emerging',	13,	18,	'Active',	'2018-03-13 15:20:19',	'0000-00-00 00:00:00'),
(99,	7,	2,	3,	'Competent',	19,	24,	'Active',	'2018-03-13 15:20:19',	'0000-00-00 00:00:00'),
(100,	7,	2,	4,	'At Risk',	0,	14,	'Active',	'2018-03-13 15:20:52',	'2018-03-13 03:21:43'),
(101,	7,	2,	4,	'Emerging',	15,	18,	'Active',	'2018-03-13 15:20:52',	'2018-03-13 03:21:59'),
(102,	7,	2,	4,	'Competent',	19,	27,	'Active',	'2018-03-13 15:20:52',	'2018-03-13 03:22:10'),
(103,	7,	2,	5,	'At Risk',	0,	18,	'Active',	'2018-03-13 15:22:40',	'0000-00-00 00:00:00'),
(104,	7,	2,	5,	'Emerging',	19,	21,	'Active',	'2018-03-13 15:22:40',	'0000-00-00 00:00:00'),
(105,	7,	2,	5,	'Competent',	22,	28,	'Active',	'2018-03-13 15:22:40',	'0000-00-00 00:00:00'),
(106,	8,	2,	1,	'At Risk',	0,	22,	'Active',	'2018-03-13 15:23:19',	'0000-00-00 00:00:00'),
(107,	8,	2,	1,	'Emerging',	23,	27,	'Active',	'2018-03-13 15:23:19',	'0000-00-00 00:00:00'),
(108,	8,	2,	1,	'Competent',	28,	33,	'Active',	'2018-03-13 15:23:19',	'0000-00-00 00:00:00'),
(109,	8,	2,	2,	'At Risk',	0,	12,	'Active',	'2018-03-13 15:23:51',	'0000-00-00 00:00:00'),
(110,	8,	2,	2,	'Emerging',	13,	20,	'Active',	'2018-03-13 15:23:51',	'0000-00-00 00:00:00'),
(111,	8,	2,	2,	'Competent',	21,	24,	'Active',	'2018-03-13 15:23:52',	'0000-00-00 00:00:00'),
(112,	8,	2,	3,	'At Risk',	0,	14,	'Active',	'2018-03-13 15:24:34',	'0000-00-00 00:00:00'),
(113,	8,	2,	3,	'Emerging',	15,	20,	'Active',	'2018-03-13 15:24:34',	'0000-00-00 00:00:00'),
(114,	8,	2,	3,	'Competent',	21,	24,	'Active',	'2018-03-13 15:24:34',	'0000-00-00 00:00:00'),
(115,	8,	2,	4,	'At Risk',	0,	17,	'Active',	'2018-03-13 15:25:00',	'0000-00-00 00:00:00'),
(116,	8,	2,	4,	'Emerging',	18,	22,	'Active',	'2018-03-13 15:25:00',	'0000-00-00 00:00:00'),
(117,	8,	2,	4,	'Competent',	23,	27,	'Active',	'2018-03-13 15:25:00',	'0000-00-00 00:00:00'),
(118,	8,	2,	5,	'At Risk',	0,	18,	'Active',	'2018-03-13 15:25:28',	'0000-00-00 00:00:00'),
(119,	8,	2,	5,	'Emerging',	19,	23,	'Active',	'2018-03-13 15:25:28',	'0000-00-00 00:00:00'),
(120,	8,	2,	5,	'Competent',	24,	28,	'Active',	'2018-03-13 15:25:28',	'0000-00-00 00:00:00'),
(121,	9,	2,	1,	'At Risk',	0,	24,	'Active',	'2018-03-13 15:26:32',	'0000-00-00 00:00:00'),
(122,	9,	2,	1,	'Emerging',	25,	31,	'Active',	'2018-03-13 15:26:33',	'0000-00-00 00:00:00'),
(123,	9,	2,	1,	'Competent',	32,	33,	'Active',	'2018-03-13 15:26:33',	'0000-00-00 00:00:00'),
(124,	9,	2,	2,	'At Risk',	0,	14,	'Active',	'2018-03-13 15:27:31',	'0000-00-00 00:00:00'),
(125,	9,	2,	2,	'Emerging',	15,	22,	'Active',	'2018-03-13 15:27:31',	'0000-00-00 00:00:00'),
(126,	9,	2,	2,	'Competent',	23,	24,	'Active',	'2018-03-13 15:27:32',	'0000-00-00 00:00:00'),
(127,	9,	2,	3,	'At Risk',	0,	15,	'Active',	'2018-03-13 15:28:12',	'0000-00-00 00:00:00'),
(128,	9,	2,	3,	'Emerging',	16,	23,	'Active',	'2018-03-13 15:28:12',	'0000-00-00 00:00:00'),
(129,	9,	2,	3,	'Competent',	0,	24,	'Active',	'2018-03-13 15:28:12',	'0000-00-00 00:00:00'),
(130,	9,	2,	4,	'At Risk',	0,	17,	'Active',	'2018-03-13 15:28:44',	'0000-00-00 00:00:00'),
(131,	9,	2,	4,	'Emerging',	18,	25,	'Active',	'2018-03-13 15:28:44',	'0000-00-00 00:00:00'),
(132,	9,	2,	4,	'Competent',	26,	27,	'Active',	'2018-03-13 15:28:44',	'0000-00-00 00:00:00'),
(133,	9,	2,	5,	'At Risk',	0,	20,	'Active',	'2018-03-13 15:29:16',	'0000-00-00 00:00:00'),
(134,	9,	2,	5,	'Emerging',	21,	26,	'Active',	'2018-03-13 15:29:16',	'0000-00-00 00:00:00'),
(135,	9,	2,	5,	'Competent',	27,	28,	'Active',	'2018-03-13 15:29:16',	'0000-00-00 00:00:00');

DROP TABLE IF EXISTS `mst_sub_test`;
CREATE TABLE `mst_sub_test` (
  `id` int(11) NOT NULL AUTO_INCREMENT,
  `group_id` int(11) NOT NULL,
  `title` varchar(255) NOT NULL,
  `price` int(11) NOT NULL,
  `sessions` varchar(255) DEFAULT NULL,
  `status` enum('Active','Inactive') NOT NULL,
  `created` datetime NOT NULL,
  `modified` datetime NOT NULL,
  PRIMARY KEY (`id`)
) ENGINE=InnoDB DEFAULT CHARSET=latin1;

INSERT INTO `mst_sub_test` (`id`, `group_id`, `title`, `price`, `sessions`, `status`, `created`, `modified`) VALUES
(1,	1,	'DASII',	10,	NULL,	'Active',	'2018-02-21 17:04:18',	'0000-00-00 00:00:00'),
(2,	1,	'BAYLEY',	20,	NULL,	'Active',	'2018-02-21 17:04:18',	'0000-00-00 00:00:00'),
(3,	1,	'DENVER',	30,	NULL,	'Active',	'2018-02-21 17:04:18',	'0000-00-00 00:00:00'),
(4,	1,	'BOTMO',	40,	NULL,	'Active',	'2018-02-21 17:04:18',	'0000-00-00 00:00:00'),
(5,	1,	'TVPS',	50,	NULL,	'Active',	'2018-02-21 17:04:18',	'0000-00-00 00:00:00'),
(6,	1,	'TOLD',	60,	NULL,	'Active',	'2018-02-21 17:04:18',	'0000-00-00 00:00:00'),
(7,	2,	'MCHAT',	70,	NULL,	'Active',	'2018-02-21 17:06:00',	'0000-00-00 00:00:00'),
(8,	2,	'INCLEN',	80,	NULL,	'Active',	'2018-02-21 17:06:00',	'0000-00-00 00:00:00'),
(9,	2,	'ISAA',	90,	NULL,	'Active',	'2018-02-21 17:06:00',	'0000-00-00 00:00:00'),
(10,	2,	'CARS',	100,	NULL,	'Active',	'2018-02-21 17:06:00',	'0000-00-00 00:00:00'),
(11,	2,	'CRS-SHORT/LONG',	110,	NULL,	'Active',	'2018-02-21 17:06:00',	'0000-00-00 00:00:00'),
(12,	2,	'CBCL',	120,	NULL,	'Active',	'2018-02-21 17:06:00',	'0000-00-00 00:00:00'),
(13,	2,	'BGTEST',	130,	NULL,	'Active',	'2018-02-21 17:06:00',	'0000-00-00 00:00:00'),
(14,	2,	'SPENCE',	140,	NULL,	'Active',	'2018-02-21 17:06:00',	'0000-00-00 00:00:00'),
(15,	2,	'SENSOR PROFILE',	150,	NULL,	'Active',	'2018-02-21 17:06:00',	'0000-00-00 00:00:00'),
(16,	3,	'IQ',	160,	NULL,	'Active',	'2018-02-21 17:07:15',	'0000-00-00 00:00:00'),
(17,	3,	'SFB',	170,	NULL,	'Active',	'2018-02-21 17:07:15',	'0000-00-00 00:00:00'),
(18,	3,	'VSMS',	180,	NULL,	'Active',	'2018-02-21 17:07:15',	'0000-00-00 00:00:00'),
(19,	3,	'BKT',	190,	NULL,	'Active',	'2018-02-21 17:07:15',	'0000-00-00 00:00:00'),
(20,	3,	'MISIC',	200,	NULL,	'Active',	'2018-02-21 17:07:16',	'0000-00-00 00:00:00'),
(21,	3,	'WISC',	210,	NULL,	'Active',	'2018-02-21 17:07:16',	'0000-00-00 00:00:00'),
(22,	3,	'WAIS',	220,	NULL,	'Active',	'2018-02-21 17:07:16',	'0000-00-00 00:00:00'),
(23,	4,	'CBA',	230,	NULL,	'Active',	'2018-02-21 17:09:56',	'0000-00-00 00:00:00'),
(24,	4,	'WRAT',	240,	NULL,	'Active',	'2018-02-21 17:09:56',	'0000-00-00 00:00:00'),
(25,	4,	'WJ',	250,	NULL,	'Active',	'2018-02-21 17:09:56',	'0000-00-00 00:00:00'),
(26,	5,	'OT',	260,	'15',	'Active',	'2018-03-05 18:30:57',	'0000-00-00 00:00:00'),
(27,	5,	'ST',	270,	'10',	'Active',	'2018-03-05 18:30:57',	'0000-00-00 00:00:00'),
(28,	5,	'PSY',	280,	'4',	'Active',	'2018-03-05 18:30:57',	'0000-00-00 00:00:00'),
(29,	5,	'er',	290,	'12',	'Active',	'2018-03-05 18:30:57',	'2018-04-03 04:45:29');

DROP TABLE IF EXISTS `nichq_test_scores`;
CREATE TABLE `nichq_test_scores` (
  `id` int(11) NOT NULL AUTO_INCREMENT,
  `nichq_tests_questions_id` int(11) NOT NULL,
  `patient_id` int(11) NOT NULL,
  `answer_score` enum('1','0','2','3') NOT NULL,
  `status` enum('Active','Inactive') NOT NULL,
  `created` datetime NOT NULL,
  `modified` datetime NOT NULL,
  PRIMARY KEY (`id`)
) ENGINE=InnoDB DEFAULT CHARSET=latin1;


DROP TABLE IF EXISTS `nutrition_test`;
CREATE TABLE `nutrition_test` (
  `id` int(11) NOT NULL AUTO_INCREMENT,
  `branch_id` int(11) NOT NULL,
  `patient_id` int(11) NOT NULL,
  `dob` varchar(255) NOT NULL,
  `age` varchar(255) NOT NULL,
  `weight` varchar(255) NOT NULL,
  `gender` varchar(255) NOT NULL,
  `net_energy` varchar(255) NOT NULL,
  `net_protein` varchar(255) NOT NULL,
  `total_net_energy` varchar(255) NOT NULL,
  `total_net_protein` varchar(255) NOT NULL,
  `total_calories` varchar(255) NOT NULL,
  `total_proteins` varchar(255) NOT NULL,
  `total_deficits_energy` varchar(255) NOT NULL,
  `total_deficits_protein` varchar(255) NOT NULL,
  `status` enum('Active','Inactive') NOT NULL,
  `created` datetime NOT NULL,
  `modified` datetime NOT NULL,
  PRIMARY KEY (`id`)
) ENGINE=InnoDB DEFAULT CHARSET=latin1;

INSERT INTO `nutrition_test` (`id`, `branch_id`, `patient_id`, `dob`, `age`, `weight`, `gender`, `net_energy`, `net_protein`, `total_net_energy`, `total_net_protein`, `total_calories`, `total_proteins`, `total_deficits_energy`, `total_deficits_protein`, `status`, `created`, `modified`) VALUES
(1,	1,	13,	'2015-08-06',	'02',	'10kg',	'Female',	'16.7',	'1060',	'',	'',	'1340',	'60',	'',	'',	'Active',	'2018-06-11 11:42:25',	'2018-06-11 11:42:25'),
(2,	1,	8,	'2018-04-01',	'02',	'8',	'Male',	'16.7',	'1060',	'',	'',	'560',	'20',	'500',	'-3.3000000000000007',	'Active',	'2018-06-12 14:20:43',	'2018-06-12 14:20:43'),
(3,	1,	8,	'2018-04-01',	'02',	'8',	'Male',	'16.7',	'1060',	'',	'',	'590',	'66',	'470',	'-49.3',	'Active',	'2018-06-12 14:37:32',	'2018-06-12 14:37:32'),
(4,	1,	2,	'2018-06-02',	'	00',	'0.9',	'Male',	'1.16',	'92',	'82.8',	'1.044',	'320',	'42',	'-237.2',	'-40.956',	'Active',	'2018-06-12 20:10:38',	'2018-06-12 20:10:38'),
(5,	1,	12,	'2018-05-01',	'00',	'6.55',	'Female',	'1.16',	'92',	'602.6',	'7.597999999999999',	'305',	'25',	'297.6',	'-17.402',	'Active',	'2018-06-12 20:31:08',	'2018-06-12 20:31:08'),
(6,	1,	7,	'2018-05-01',	'	10',	'43',	'Male',	'39.9',	'2190',	'2190',	'39.9',	'1300',	'50',	'890',	'-10.100000000000001',	'Active',	'2018-06-13 10:35:54',	'2018-06-13 10:35:54');

DROP TABLE IF EXISTS `nutrition_test_data`;
CREATE TABLE `nutrition_test_data` (
  `id` int(11) NOT NULL AUTO_INCREMENT,
  `nutrition_test_id` int(11) NOT NULL,
  `patient_id` int(11) NOT NULL,
  `category_id` int(11) NOT NULL,
  `preparation_id` int(11) NOT NULL,
  `quantity` varchar(255) NOT NULL,
  `unit_id` int(11) NOT NULL,
  `calories` varchar(255) NOT NULL,
  `total_calories` varchar(255) NOT NULL,
  `proteins` varchar(255) NOT NULL,
  `total_proteins` varchar(255) NOT NULL,
  `status` enum('Active','Inactive') NOT NULL,
  `created` datetime NOT NULL,
  `modified` datetime NOT NULL,
  PRIMARY KEY (`id`)
) ENGINE=InnoDB DEFAULT CHARSET=latin1;

INSERT INTO `nutrition_test_data` (`id`, `nutrition_test_id`, `patient_id`, `category_id`, `preparation_id`, `quantity`, `unit_id`, `calories`, `total_calories`, `proteins`, `total_proteins`, `status`, `created`, `modified`) VALUES
(2,	1,	13,	1,	7,	'2',	1,	'              	  270',	'1340',	'              	  6',	'60',	'Active',	'2018-06-11 11:42:25',	'2018-06-11 11:42:25'),
(3,	1,	13,	2,	12,	'4',	2,	'              	  200',	'1340',	'              	  12',	'60',	'Active',	'2018-06-11 11:42:25',	'2018-06-11 11:42:25'),
(4,	2,	8,	4,	18,	'1',	22,	'              	  90',	'560',	'              	  6',	'20',	'Active',	'2018-06-12 14:20:43',	'2018-06-12 14:20:43'),
(5,	2,	8,	1,	6,	'1',	1,	'              	  270',	'560',	'              	  6',	'20',	'Active',	'2018-06-12 14:20:43',	'2018-06-12 14:20:43'),
(6,	2,	8,	3,	16,	'1',	1,	'              	  200',	'560',	'              	  8',	'20',	'Active',	'2018-06-12 14:20:43',	'2018-06-12 14:20:43'),
(7,	3,	8,	1,	7,	'1',	22,	'              	  270',	'590',	'              	  6',	'66',	'Active',	'2018-06-12 14:37:32',	'2018-06-12 14:37:32'),
(8,	3,	8,	4,	21,	'1',	22,	'              	  320',	'590',	'              	  60',	'66',	'Active',	'2018-06-12 14:37:32',	'2018-06-12 14:37:32'),
(9,	4,	2,	1,	8,	'2',	5,	'              	  75',	'320',	'              	  4',	'42',	'Active',	'2018-06-12 20:10:38',	'2018-06-12 20:10:38'),
(10,	4,	2,	4,	22,	'2',	22,	'              	  85',	'320',	'              	  17',	'42',	'Active',	'2018-06-12 20:10:38',	'2018-06-12 20:10:38'),
(11,	5,	12,	1,	11,	'1',	1,	'              	  220',	'305',	'              	  8',	'25',	'Active',	'2018-06-12 20:31:08',	'2018-06-12 20:31:08'),
(12,	5,	12,	4,	22,	'1',	5,	'              	  85',	'305',	'              	  17',	'25',	'Active',	'2018-06-12 20:31:09',	'2018-06-12 20:31:09'),
(13,	6,	7,	1,	1,	'5',	1,	'              	  170',	'1300',	'              	  4',	'50',	'Active',	'2018-06-13 10:35:54',	'2018-06-13 10:35:54'),
(14,	6,	7,	4,	18,	'5',	22,	'              	  90',	'1300',	'              	  6',	'50',	'Active',	'2018-06-13 10:35:54',	'2018-06-13 10:35:54');

DROP TABLE IF EXISTS `patient_documents`;
CREATE TABLE `patient_documents` (
  `id` int(11) NOT NULL AUTO_INCREMENT,
  `patient_id` int(11) NOT NULL,
  `document_name` varchar(255) NOT NULL,
  `document` varchar(255) NOT NULL,
  `created` datetime NOT NULL,
  `modified` datetime NOT NULL,
  PRIMARY KEY (`id`)
) ENGINE=InnoDB DEFAULT CHARSET=latin1;

INSERT INTO `patient_documents` (`id`, `patient_id`, `document_name`, `document`, `created`, `modified`) VALUES
(1,	12,	'test',	'19a3d240e26c8c7fdb7855e764cf51e3.jpeg',	'0000-00-00 00:00:00',	'0000-00-00 00:00:00'),
(2,	10,	'test',	'341e684fac6098c323f3ab978fd903ee.jpeg',	'0000-00-00 00:00:00',	'0000-00-00 00:00:00'),
(3,	1,	'test',	'7a50291397f18943ebbed01be9454c4a.jpeg',	'0000-00-00 00:00:00',	'0000-00-00 00:00:00');

DROP TABLE IF EXISTS `patient_proforma`;
CREATE TABLE `patient_proforma` (
  `id` int(11) NOT NULL AUTO_INCREMENT,
  `patient_id` int(11) NOT NULL,
  `corrected_age` varchar(255) NOT NULL,
  `chronological_age` varchar(255) NOT NULL,
  `informant` varchar(255) NOT NULL,
  `school_name` varchar(255) NOT NULL,
  `edd` varchar(255) NOT NULL,
  `patient_complaints` varchar(255) NOT NULL,
  `anc_scan` varchar(255) NOT NULL,
  `antenatal` varchar(255) NOT NULL,
  `term` varchar(255) NOT NULL,
  `indication` varchar(255) NOT NULL,
  `mode_of_delivery` varchar(255) NOT NULL,
  `birth_weight` varchar(255) NOT NULL,
  `cried_after_birth` varchar(255) NOT NULL,
  `resuscitation` varchar(255) NOT NULL,
  `nicu_stay` varchar(255) NOT NULL,
  `diagnosis` varchar(255) NOT NULL,
  `neck_holding` varchar(255) NOT NULL,
  `roll_over` varchar(255) NOT NULL,
  `back_to_side` varchar(255) NOT NULL,
  `side_to_back` varchar(255) NOT NULL,
  `come_to_sit` varchar(255) NOT NULL,
  `crawling` varchar(255) NOT NULL,
  `creeping` varchar(255) NOT NULL,
  `sitting_support` varchar(255) NOT NULL,
  `sitting_without_support` varchar(255) NOT NULL,
  `come_to_stand` varchar(255) NOT NULL,
  `standing_support` varchar(255) NOT NULL,
  `standing_without_support` varchar(255) NOT NULL,
  `standing_to_sitting` varchar(255) NOT NULL,
  `walking_support` varchar(255) NOT NULL,
  `walking_without_support` varchar(255) NOT NULL,
  `walk_sideways` varchar(255) NOT NULL,
  `gross_motor_remark` varchar(255) NOT NULL,
  `climb_upstairs` varchar(255) NOT NULL,
  `climb_upstairs_without_support` varchar(255) NOT NULL,
  `reaching_object` varchar(255) NOT NULL,
  `transfer_object` varchar(255) NOT NULL,
  `fine_motor_remark` varchar(255) NOT NULL,
  `monosyllables` varchar(255) NOT NULL,
  `bisyllables` varchar(255) NOT NULL,
  `sentence_meaning` varchar(255) NOT NULL,
  `expres_communi_remark` varchar(255) NOT NULL,
  `his_her` varchar(255) NOT NULL,
  `response_to_name_call` varchar(255) NOT NULL,
  `response_to_name_call_inhibitory` varchar(255) NOT NULL,
  `attention_enjoy` varchar(255) NOT NULL,
  `identify_object` varchar(255) NOT NULL,
  `correctly_point` varchar(255) NOT NULL,
  `correctly_direction` varchar(255) NOT NULL,
  `eye_contact` varchar(255) NOT NULL,
  `pointing_at_objects` varchar(255) NOT NULL,
  `joint_attention` varchar(255) NOT NULL,
  `joint_referencing` varchar(255) NOT NULL,
  `proto_declarative_pointing` varchar(255) NOT NULL,
  `imperative_pointing` varchar(255) NOT NULL,
  `receptive_communi_remark` varchar(255) NOT NULL,
  `imaginary_play` varchar(255) NOT NULL,
  `parallel_play` varchar(255) NOT NULL,
  `pretend_play` varchar(255) NOT NULL,
  `represent_play` varchar(255) NOT NULL,
  `anticipatory` varchar(255) NOT NULL,
  `expression_caregiver` varchar(255) NOT NULL,
  `display_awareness` varchar(255) NOT NULL,
  `cognitive_remark` varchar(255) NOT NULL,
  `day_night` varchar(255) NOT NULL,
  `mix_peers` varchar(255) NOT NULL,
  `step_command` varchar(255) NOT NULL,
  `therapies` varchar(255) NOT NULL,
  `consanguinity` varchar(255) NOT NULL,
  `academic_problems` varchar(255) NOT NULL,
  `neuro_family` varchar(255) NOT NULL,
  `pedigree_chart` varchar(255) NOT NULL,
  `school_absenteeism` varchar(255) NOT NULL,
  `aggression` varchar(255) NOT NULL,
  `disorganisation` varchar(255) NOT NULL,
  `destructive` varchar(255) NOT NULL,
  `homework_avoidance` varchar(255) NOT NULL,
  `lying` varchar(255) NOT NULL,
  `promoted_ever` varchar(255) NOT NULL,
  `repeated_ever` varchar(255) NOT NULL,
  `change_of_school` varchar(255) NOT NULL,
  `place_time` varchar(255) NOT NULL,
  `time_to_complete` varchar(255) NOT NULL,
  `teacher_complaints` varchar(255) NOT NULL,
  `grade_equivalent` varchar(255) NOT NULL,
  `reading_fluency` varchar(255) NOT NULL,
  `reading_remark` varchar(255) NOT NULL,
  `online` varchar(255) NOT NULL,
  `between_words` varchar(255) NOT NULL,
  `formation` varchar(255) NOT NULL,
  `grammer_error` varchar(255) NOT NULL,
  `punctuation` varchar(255) NOT NULL,
  `writing_remark` varchar(255) NOT NULL,
  `basic_sums` varchar(255) NOT NULL,
  `finger_counting` varchar(255) NOT NULL,
  `sign_confusion` varchar(255) NOT NULL,
  `apply_problems` varchar(255) NOT NULL,
  `maths_remark` varchar(255) NOT NULL,
  `learning_disorder` varchar(255) NOT NULL,
  `seizures` varchar(255) NOT NULL,
  `admission_in_past` varchar(255) NOT NULL,
  `ct_brain` varchar(255) NOT NULL,
  `mri_brain` varchar(255) NOT NULL,
  `thyroid` varchar(255) NOT NULL,
  `echo` varchar(255) NOT NULL,
  `total_cpk` varchar(255) NOT NULL,
  `eeg` varchar(255) NOT NULL,
  `ophthalmic_evaluation` varchar(255) NOT NULL,
  `audio_evaluation` varchar(255) NOT NULL,
  `medication_history` varchar(255) NOT NULL,
  `karyotyping` varchar(255) NOT NULL,
  `investigations` varchar(255) NOT NULL,
  `high_c` varchar(255) NOT NULL,
  `weight` varchar(255) NOT NULL,
  `liter` varchar(255) NOT NULL,
  `blood_pressure` varchar(255) NOT NULL,
  `bmi` varchar(255) NOT NULL,
  `hyper_c` varchar(255) NOT NULL,
  `hyper_t` varchar(255) NOT NULL,
  `weight_t` varchar(255) NOT NULL,
  `dysmorphic_features` varchar(255) NOT NULL,
  `speech_fluency` varchar(255) NOT NULL,
  `stuttering` varchar(255) NOT NULL,
  `misarticulation` varchar(255) NOT NULL,
  `flat_feet` varchar(255) NOT NULL,
  `tongue_tie` varchar(255) NOT NULL,
  `delayed_response` varchar(255) NOT NULL,
  `cafe_spot` varchar(255) NOT NULL,
  `cafe_reason` varchar(255) NOT NULL,
  `neuro_marker` varchar(255) NOT NULL,
  `neuro_marker_reason` varchar(255) NOT NULL,
  `tone_axial` varchar(255) NOT NULL,
  `tone_appendicular` varchar(255) NOT NULL,
  `power_rt` varchar(255) NOT NULL,
  `lt_hypo` varchar(255) NOT NULL,
  `dystonia` varchar(255) NOT NULL,
  `hamstring_tightness` varchar(255) NOT NULL,
  `general_rt` varchar(255) NOT NULL,
  `general_lt` varchar(255) NOT NULL,
  `reflexes_rt` varchar(255) NOT NULL,
  `brisk_lt` varchar(255) NOT NULL,
  `scissoring` varchar(255) NOT NULL,
  `opisthotonus` varchar(255) NOT NULL,
  `amiel_tison_angles` varchar(255) NOT NULL,
  `refractive_error` varchar(255) NOT NULL,
  `hearing_impairment` varchar(255) NOT NULL,
  `ankle_clonus` varchar(255) NOT NULL,
  `adl_functional_evaluation` varchar(255) NOT NULL,
  `dia_diagnosis` varchar(255) NOT NULL,
  `diagnosis_description` varchar(255) NOT NULL,
  `recomandation` varchar(255) NOT NULL,
  `pdf` varchar(255) NOT NULL,
  `created` datetime NOT NULL,
  `modified` datetime NOT NULL,
  PRIMARY KEY (`id`)
) ENGINE=InnoDB DEFAULT CHARSET=latin1;

INSERT INTO `patient_proforma` (`id`, `patient_id`, `corrected_age`, `chronological_age`, `informant`, `school_name`, `edd`, `patient_complaints`, `anc_scan`, `antenatal`, `term`, `indication`, `mode_of_delivery`, `birth_weight`, `cried_after_birth`, `resuscitation`, `nicu_stay`, `diagnosis`, `neck_holding`, `roll_over`, `back_to_side`, `side_to_back`, `come_to_sit`, `crawling`, `creeping`, `sitting_support`, `sitting_without_support`, `come_to_stand`, `standing_support`, `standing_without_support`, `standing_to_sitting`, `walking_support`, `walking_without_support`, `walk_sideways`, `gross_motor_remark`, `climb_upstairs`, `climb_upstairs_without_support`, `reaching_object`, `transfer_object`, `fine_motor_remark`, `monosyllables`, `bisyllables`, `sentence_meaning`, `expres_communi_remark`, `his_her`, `response_to_name_call`, `response_to_name_call_inhibitory`, `attention_enjoy`, `identify_object`, `correctly_point`, `correctly_direction`, `eye_contact`, `pointing_at_objects`, `joint_attention`, `joint_referencing`, `proto_declarative_pointing`, `imperative_pointing`, `receptive_communi_remark`, `imaginary_play`, `parallel_play`, `pretend_play`, `represent_play`, `anticipatory`, `expression_caregiver`, `display_awareness`, `cognitive_remark`, `day_night`, `mix_peers`, `step_command`, `therapies`, `consanguinity`, `academic_problems`, `neuro_family`, `pedigree_chart`, `school_absenteeism`, `aggression`, `disorganisation`, `destructive`, `homework_avoidance`, `lying`, `promoted_ever`, `repeated_ever`, `change_of_school`, `place_time`, `time_to_complete`, `teacher_complaints`, `grade_equivalent`, `reading_fluency`, `reading_remark`, `online`, `between_words`, `formation`, `grammer_error`, `punctuation`, `writing_remark`, `basic_sums`, `finger_counting`, `sign_confusion`, `apply_problems`, `maths_remark`, `learning_disorder`, `seizures`, `admission_in_past`, `ct_brain`, `mri_brain`, `thyroid`, `echo`, `total_cpk`, `eeg`, `ophthalmic_evaluation`, `audio_evaluation`, `medication_history`, `karyotyping`, `investigations`, `high_c`, `weight`, `liter`, `blood_pressure`, `bmi`, `hyper_c`, `hyper_t`, `weight_t`, `dysmorphic_features`, `speech_fluency`, `stuttering`, `misarticulation`, `flat_feet`, `tongue_tie`, `delayed_response`, `cafe_spot`, `cafe_reason`, `neuro_marker`, `neuro_marker_reason`, `tone_axial`, `tone_appendicular`, `power_rt`, `lt_hypo`, `dystonia`, `hamstring_tightness`, `general_rt`, `general_lt`, `reflexes_rt`, `brisk_lt`, `scissoring`, `opisthotonus`, `amiel_tison_angles`, `refractive_error`, `hearing_impairment`, `ankle_clonus`, `adl_functional_evaluation`, `dia_diagnosis`, `diagnosis_description`, `recomandation`, `pdf`, `created`, `modified`) VALUES
(1,	12,	'\r\n                   	00 Year, 01 Months, 4 Days Old',	'',	'Mother',	'',	'2018-05-01',	'3',	'Normal',	'1',	'Preterm',	'1',	'NVD',	'Average',	'Yes',	'Yes',	'1',	'test',	'Partial',	'Yes',	'No',	'Yes',	'Yes',	'Yes',	'Yes',	'No',	'Yes',	'Yes',	'Yes',	'Yes',	'No',	'Yes',	'Yes',	'Yes',	'217',	'Yes',	'Yes',	'Yes',	'Yes',	'163',	'Yes',	'Yes',	'Yes',	'115',	'Yes',	'Yes',	'Yes',	'Yes',	'Yes',	'Yes',	'Yes',	'Fleeting',	'Present',	'Present',	'Absent',	'Present',	'Absent',	'67',	'Yes',	'Yes',	'Yes',	'Yes',	'Yes',	'Yes',	'Yes',	'1',	'Conveys toilet needs',	'Prefers younger kids for play',	'Follows one step command',	'hhhhhhhhh',	'No',	'Parents',	'No',	'No',	'Yes',	'Yes',	'Yes',	'Yes',	'Yes',	'Yes',	'Yes',	'Yes',	'Yes',	'Yes',	'Yes',	'3',	'KG',	'Alphabetical',	'hhhhhhhhhhhhhhhhhhhhhhhhhhhhhhhh',	'Can maintain on line',	'Even',	'Appropriate',	'Present',	'Present',	'hhhhhhhhhhhhhhhhhhhhhhhhhhhhhhhhhhh',	'Can’t solve',	'Present',	'Absent',	'Can solve - grade equivalent',	'hhhhhhhhhhhhhhhhhhhhhhhhhhhhhhhhh',	'Present – Inversion',	'No',	'Yes',	'Yes',	'Yes',	'Yes',	'Yes',	'Yes',	'Yes',	'Yes',	'Yes',	'hhhhhhhhhhhhhh',	'hhhhhhhhhhhhhh',	'hhhhhhhhhhhh',	'3',	'33',	'3',	'3',	'33',	'3',	'3',	'3',	'Yes',	'No',	'Yes',	'Yes',	'Yes',	'No',	'Yes',	'No',	'',	'No',	'',	'Normal',	'Normal',	'Low',	'Normal',	'Present',	'Present',	'',	'',	'Normal',	'Brisk',	'Yes',	'Yes',	'Abnormal',	'Present',	'Present',	'Sustained',	'Independent',	'1,2',	'\r\n                   	Lorem Ipsum is simply dummy text of the printing and typesetting industry. Lorem Ipsum has been the industry\'s standard dummy text ever since the 1500s, when an unknown printer took a galley of type and scrambled it to make a type sp',	'2',	'Proforma-Prescription_497.pdf',	'0000-00-00 00:00:00',	'0000-00-00 00:00:00'),
(2,	10,	'\r\n                   	00 Year, 00 Months, 4 Days Old',	'',	'Mother',	'',	'2018-06-01',	'3',	'Normal',	'1',	'Preterm',	'1',	'NVD',	'Average',	'Yes',	'Yes',	'1',	'hhhhhhhhhhhhhhhhhhhhhhhh',	'Complete',	'Yes',	'Yes',	'Yes',	'Yes',	'Yes',	'Yes',	'Yes',	'Yes',	'Yes',	'Yes',	'Yes',	'Yes',	'Yes',	'Yes',	'Yes',	'217',	'Yes',	'Yes',	'Yes',	'Yes',	'163',	'Yes',	'Yes',	'Yes',	'115',	'Yes',	'Yes',	'Yes',	'Yes',	'Yes',	'Yes',	'Yes',	'Fleeting',	'Present',	'Present',	'Present',	'Absent',	'Present',	'67',	'Yes',	'Yes',	'Yes',	'Yes',	'Yes',	'Yes',	'Yes',	'1',	'Conveys toilet needs',	'Mixes well with same age peers',	'Follows one step command',	'hhhhhhhhhhhhhhhhhhhhhh',	'Yes',	'Parents',	'No',	'No',	'Yes',	'Yes',	'Yes',	'Yes',	'Yes',	'Yes',	'Yes',	'Yes',	'Yes',	'Yes',	'Yes',	'1',	'KG',	'Alphabetical',	'hhhhhhhhhhhhhhhhhhhhhhhhhhhhhhhh',	'Can maintain on line',	'Even',	'Appropriate',	'Present',	'Present',	'hhhhhhhhhhhhhhhhhhhhhhhhhhhhhhhhhhh',	'Can’t solve',	'Present',	'Present',	'Can solve - grade equivalent',	'hhhhhhhhhhhhhhhhhhhhhhhhhhhhhhhhh',	'Absent',	'Yes',	'Yes',	'Yes',	'Yes',	'Yes',	'Yes',	'Yes',	'Yes',	'Yes',	'Yes',	'hhhhhhhhhhhhhhh',	'hhhhhhhhhhhhhhhhhhhhhhh',	'hhhhhhhhhhhhhhhhhhhhhhhhhhhhhhhh',	'8',	'8',	'88',	'8',	'8',	'88',	'8',	'88',	'Yes',	'Yes',	'Yes',	'No',	'Yes',	'Yes',	'Yes',	'No',	'',	'No',	'',	'Normal',	'Normal',	'Normal',	'Normal',	'Absent',	'Present',	'',	'',	'Normal',	'Normal',	'Yes',	'Yes',	'Abnormal',	'Present',	'Present',	'0',	'Partially Dependent',	'2,3',	'\r\n                   	If you are going to use a passage of Lorem Ipsum, you need to be sure there isn\'t anything embarrassing hidden in the middle of text. All the Lorem Ipsum generators on the Internet tend to repeat predefined chunks as necessary\r\n\r\nThe',	'2',	'Proforma-Prescription_377.pdf',	'0000-00-00 00:00:00',	'0000-00-00 00:00:00'),
(3,	1,	'',	'',	'Mother',	'N/A',	'2018-06-12',	'1',	'Normal',	'5',	'Postterm',	'4',	'NVD',	'Average',	'Yes',	'Yes',	'3',	'Diagnosis',	'Partial',	'Yes',	'No',	'No',	'Yes',	'Yes',	'Yes',	'Yes',	'Yes',	'Yes',	'Yes',	'No',	'No',	'Yes',	'Yes',	'Yes',	'217',	'Yes',	'Yes',	'Yes',	'Yes',	'164',	'Yes',	'No',	'No',	'115',	'Yes',	'No',	'Yes',	'No',	'No',	'No',	'No',	'Good',	'Present',	'Present',	'Present',	'Absent',	'Present',	'67',	'Yes',	'Yes',	'Yes',	'Yes',	'No',	'Yes',	'No',	'1',	'Conveys toilet needs',	'Prefers younger kids for play',	'Follows one step command',	'',	'No',	'Siblings',	'No',	'No',	'Yes',	'Yes',	'Yes',	'Yes',	'Yes',	'Yes',	'No',	'No',	'Yes',	'Yes',	'Yes',	'1',	'I',	'Fluent',	'test',	'Can maintain on line with some difficulty',	'Even',	'Appropriate',	'Present',	'Present',	'test',	'Can’t solve',	'Present',	'Present',	'Can solve - grade equivalent',	'test',	'Absent',	'Yes',	'Yes',	'Yes',	'Yes',	'Yes',	'No',	'No',	'No',	'Yes',	'No',	'Medication History',	'Karyotyping',	'Any Other Investigations',	'8',	'8',	'8',	'8',	'8',	'8',	'8',	'8',	'Yes',	'Yes',	'No',	'Yes',	'Yes',	'Yes',	'Right Hand',	'No',	'',	'No',	'',	'Normal',	'Normal',	'More_than_5',	'Low',	'Present',	'Present',	'',	'',	'Normal',	'Brisk',	'Yes',	'Yes',	'Normal',	'Present',	'Present',	'Sustained',	'Independent',	'3',	'	The standard chunk of Lorem Ipsum used since the 1500s is reproduced below for those interested. Sections 1.10.32 and 1.10.33 from \"de Finibus Bonorum et\r\n\r\n',	'2',	'Proforma-Prescription_891.pdf',	'0000-00-00 00:00:00',	'0000-00-00 00:00:00');

DROP TABLE IF EXISTS `patient_reports_pdf`;
CREATE TABLE `patient_reports_pdf` (
  `id` int(11) NOT NULL AUTO_INCREMENT,
  `appointment_id` int(11) NOT NULL,
  `pdf` varchar(255) NOT NULL,
  `created` datetime NOT NULL,
  `modified` datetime NOT NULL,
  PRIMARY KEY (`id`),
  KEY `appointment_id` (`appointment_id`)
) ENGINE=InnoDB DEFAULT CHARSET=latin1;

INSERT INTO `patient_reports_pdf` (`id`, `appointment_id`, `pdf`, `created`, `modified`) VALUES
(1,	1,	'Final-Score-Bayley_Report_227.pdf',	'2018-06-05 17:01:29',	'2018-06-05 17:01:29'),
(2,	3,	'Final-Dasii-Report_847.pdf',	'2018-06-05 16:57:36',	'2018-06-05 16:57:36'),
(3,	6,	'Final-Score-Bayley_Report_16.pdf',	'2018-06-09 12:30:59',	'2018-06-09 12:30:59');

DROP TABLE IF EXISTS `patient_test_scores`;
CREATE TABLE `patient_test_scores` (
  `id` int(11) NOT NULL AUTO_INCREMENT,
  `test_id` int(11) NOT NULL,
  `appointment_id` int(11) NOT NULL,
  `mst_sub_test_id` int(11) NOT NULL,
  `mst_ages_id` int(11) NOT NULL,
  `domain_name` varchar(255) NOT NULL,
  `mst_questions_test_id` int(11) NOT NULL,
  `common` enum('1','0') NOT NULL,
  `status` enum('Active','Inactive') NOT NULL,
  `created` datetime NOT NULL,
  `modified` datetime NOT NULL,
  PRIMARY KEY (`id`),
  KEY `mst_questions_test_id` (`mst_questions_test_id`),
  CONSTRAINT `patient_test_scores_ibfk_1` FOREIGN KEY (`mst_questions_test_id`) REFERENCES `mst_questions_test` (`id`)
) ENGINE=InnoDB DEFAULT CHARSET=latin1;

INSERT INTO `patient_test_scores` (`id`, `test_id`, `appointment_id`, `mst_sub_test_id`, `mst_ages_id`, `domain_name`, `mst_questions_test_id`, `common`, `status`, `created`, `modified`) VALUES
(1,	1,	1,	2,	4,	'Cognitive',	1,	'1',	'Active',	'2018-06-05 16:38:04',	'0000-00-00 00:00:00'),
(2,	1,	1,	2,	4,	'Receptive Communication',	7,	'1',	'Active',	'2018-06-05 16:39:12',	'0000-00-00 00:00:00'),
(3,	1,	1,	2,	4,	'Receptive Communication',	8,	'1',	'Active',	'2018-06-05 16:39:13',	'0000-00-00 00:00:00'),
(4,	1,	1,	2,	4,	'Expressive Communication',	13,	'1',	'Active',	'2018-06-05 16:39:17',	'0000-00-00 00:00:00'),
(5,	1,	1,	2,	4,	'Expressive Communication',	14,	'1',	'Active',	'2018-06-05 16:39:21',	'0000-00-00 00:00:00'),
(6,	1,	1,	2,	4,	'Expressive Communication',	15,	'1',	'Active',	'2018-06-05 16:39:24',	'0000-00-00 00:00:00'),
(7,	1,	1,	2,	4,	'Fine Motor',	19,	'1',	'Active',	'2018-06-05 16:39:28',	'0000-00-00 00:00:00'),
(8,	1,	1,	2,	4,	'Fine Motor',	20,	'1',	'Active',	'2018-06-05 16:39:29',	'0000-00-00 00:00:00'),
(9,	1,	1,	2,	4,	'Fine Motor',	21,	'1',	'Active',	'2018-06-05 16:39:29',	'0000-00-00 00:00:00'),
(10,	1,	1,	2,	4,	'Fine Motor',	22,	'1',	'Active',	'2018-06-05 16:39:30',	'0000-00-00 00:00:00'),
(11,	1,	1,	2,	4,	'Gross Motor',	25,	'1',	'Active',	'2018-06-05 16:39:34',	'0000-00-00 00:00:00'),
(12,	1,	1,	2,	4,	'Gross Motor',	26,	'1',	'Active',	'2018-06-05 16:39:35',	'0000-00-00 00:00:00'),
(13,	1,	1,	2,	4,	'Gross Motor',	27,	'1',	'Active',	'2018-06-05 16:39:36',	'0000-00-00 00:00:00'),
(14,	1,	1,	2,	4,	'Gross Motor',	28,	'1',	'Active',	'2018-06-05 16:39:37',	'0000-00-00 00:00:00'),
(15,	1,	1,	2,	4,	'Gross Motor',	29,	'1',	'Active',	'2018-06-05 16:39:38',	'0000-00-00 00:00:00'),
(16,	1,	1,	2,	4,	'Cognitive',	2,	'1',	'Active',	'2018-06-05 16:48:08',	'0000-00-00 00:00:00'),
(17,	2,	6,	2,	6,	'Cognitive',	1,	'1',	'Active',	'2018-06-09 12:30:45',	'0000-00-00 00:00:00'),
(18,	2,	6,	2,	6,	'Receptive Communication',	7,	'1',	'Active',	'2018-06-09 12:30:47',	'0000-00-00 00:00:00'),
(19,	2,	6,	2,	6,	'Expressive Communication',	14,	'1',	'Active',	'2018-06-09 12:30:50',	'0000-00-00 00:00:00'),
(20,	2,	6,	2,	6,	'Fine Motor',	21,	'1',	'Active',	'2018-06-09 12:30:52',	'0000-00-00 00:00:00'),
(21,	2,	6,	2,	6,	'Gross Motor',	27,	'1',	'Active',	'2018-06-09 12:30:55',	'0000-00-00 00:00:00');

DROP TABLE IF EXISTS `patient_test_scores_dasi`;
CREATE TABLE `patient_test_scores_dasi` (
  `id` int(11) NOT NULL AUTO_INCREMENT,
  `appointment_id` int(11) NOT NULL,
  `mst_dasi_questions_id` int(11) NOT NULL,
  `subtest_id` int(11) NOT NULL,
  `patient_id` int(11) NOT NULL,
  `dasi_parameter_id` int(11) NOT NULL,
  `domain_name` varchar(255) NOT NULL,
  `result_score` enum('1','0','2') NOT NULL,
  `status` enum('Active','Inactive') NOT NULL,
  `created` datetime NOT NULL,
  `modified` datetime NOT NULL,
  PRIMARY KEY (`id`),
  KEY `mst_dasi_questions_id` (`mst_dasi_questions_id`)
) ENGINE=InnoDB DEFAULT CHARSET=latin1;

INSERT INTO `patient_test_scores_dasi` (`id`, `appointment_id`, `mst_dasi_questions_id`, `subtest_id`, `patient_id`, `dasi_parameter_id`, `domain_name`, `result_score`, `status`, `created`, `modified`) VALUES
(1,	3,	1,	1,	10,	1,	'Dasii Motor',	'1',	'Active',	'2018-06-05 16:56:47',	'0000-00-00 00:00:00'),
(2,	3,	2,	1,	10,	1,	'Dasii Motor',	'1',	'Active',	'2018-06-05 16:56:48',	'0000-00-00 00:00:00'),
(3,	3,	3,	1,	10,	1,	'Dasii Motor',	'1',	'Active',	'2018-06-05 16:56:50',	'0000-00-00 00:00:00'),
(4,	3,	4,	1,	10,	1,	'Dasii Motor',	'2',	'Active',	'0000-00-00 00:00:00',	'0000-00-00 00:00:00'),
(5,	3,	5,	1,	10,	1,	'Dasii Motor',	'2',	'Active',	'0000-00-00 00:00:00',	'0000-00-00 00:00:00'),
(6,	3,	6,	1,	10,	1,	'Dasii Motor',	'2',	'Active',	'0000-00-00 00:00:00',	'0000-00-00 00:00:00'),
(7,	3,	7,	1,	10,	1,	'Dasii Motor',	'2',	'Active',	'0000-00-00 00:00:00',	'0000-00-00 00:00:00'),
(8,	3,	8,	1,	10,	2,	'Dasii Motor',	'2',	'Active',	'0000-00-00 00:00:00',	'0000-00-00 00:00:00'),
(9,	3,	9,	1,	10,	2,	'Dasii Motor',	'2',	'Active',	'0000-00-00 00:00:00',	'0000-00-00 00:00:00'),
(10,	3,	10,	1,	10,	2,	'Dasii Motor',	'2',	'Active',	'0000-00-00 00:00:00',	'0000-00-00 00:00:00'),
(11,	3,	11,	1,	10,	2,	'Dasii Motor',	'2',	'Active',	'0000-00-00 00:00:00',	'0000-00-00 00:00:00'),
(12,	3,	12,	1,	10,	2,	'Dasii Motor',	'2',	'Active',	'0000-00-00 00:00:00',	'0000-00-00 00:00:00'),
(13,	3,	13,	1,	10,	2,	'Dasii Motor',	'2',	'Active',	'0000-00-00 00:00:00',	'0000-00-00 00:00:00'),
(14,	3,	14,	1,	10,	2,	'Dasii Motor',	'2',	'Active',	'0000-00-00 00:00:00',	'0000-00-00 00:00:00'),
(15,	3,	15,	1,	10,	2,	'Dasii Motor',	'2',	'Active',	'0000-00-00 00:00:00',	'0000-00-00 00:00:00'),
(16,	3,	16,	1,	10,	2,	'Dasii Motor',	'2',	'Active',	'0000-00-00 00:00:00',	'0000-00-00 00:00:00'),
(17,	3,	17,	1,	10,	2,	'Dasii Motor',	'2',	'Active',	'0000-00-00 00:00:00',	'0000-00-00 00:00:00'),
(18,	3,	18,	1,	10,	2,	'Dasii Motor',	'2',	'Active',	'0000-00-00 00:00:00',	'0000-00-00 00:00:00'),
(19,	3,	19,	1,	10,	2,	'Dasii Motor',	'2',	'Active',	'0000-00-00 00:00:00',	'0000-00-00 00:00:00'),
(20,	3,	20,	1,	10,	2,	'Dasii Motor',	'2',	'Active',	'0000-00-00 00:00:00',	'0000-00-00 00:00:00'),
(21,	3,	21,	1,	10,	2,	'Dasii Motor',	'2',	'Active',	'0000-00-00 00:00:00',	'0000-00-00 00:00:00'),
(22,	3,	22,	1,	10,	2,	'Dasii Motor',	'2',	'Active',	'0000-00-00 00:00:00',	'0000-00-00 00:00:00'),
(23,	3,	23,	1,	10,	2,	'Dasii Motor',	'2',	'Active',	'0000-00-00 00:00:00',	'0000-00-00 00:00:00'),
(24,	3,	24,	1,	10,	2,	'Dasii Motor',	'2',	'Active',	'0000-00-00 00:00:00',	'0000-00-00 00:00:00'),
(25,	3,	25,	1,	10,	2,	'Dasii Motor',	'2',	'Active',	'0000-00-00 00:00:00',	'0000-00-00 00:00:00'),
(26,	3,	26,	1,	10,	2,	'Dasii Motor',	'2',	'Active',	'0000-00-00 00:00:00',	'0000-00-00 00:00:00'),
(27,	3,	27,	1,	10,	2,	'Dasii Motor',	'2',	'Active',	'0000-00-00 00:00:00',	'0000-00-00 00:00:00'),
(28,	3,	28,	1,	10,	2,	'Dasii Motor',	'2',	'Active',	'0000-00-00 00:00:00',	'0000-00-00 00:00:00'),
(29,	3,	29,	1,	10,	2,	'Dasii Motor',	'2',	'Active',	'0000-00-00 00:00:00',	'0000-00-00 00:00:00'),
(30,	3,	30,	1,	10,	2,	'Dasii Motor',	'2',	'Active',	'0000-00-00 00:00:00',	'0000-00-00 00:00:00'),
(31,	3,	31,	1,	10,	3,	'Dasii Motor',	'2',	'Active',	'0000-00-00 00:00:00',	'0000-00-00 00:00:00'),
(32,	3,	32,	1,	10,	3,	'Dasii Motor',	'2',	'Active',	'0000-00-00 00:00:00',	'0000-00-00 00:00:00'),
(33,	3,	33,	1,	10,	3,	'Dasii Motor',	'2',	'Active',	'0000-00-00 00:00:00',	'0000-00-00 00:00:00'),
(34,	3,	34,	1,	10,	3,	'Dasii Motor',	'2',	'Active',	'0000-00-00 00:00:00',	'0000-00-00 00:00:00'),
(35,	3,	35,	1,	10,	3,	'Dasii Motor',	'2',	'Active',	'0000-00-00 00:00:00',	'0000-00-00 00:00:00'),
(36,	3,	36,	1,	10,	3,	'Dasii Motor',	'2',	'Active',	'0000-00-00 00:00:00',	'0000-00-00 00:00:00'),
(37,	3,	37,	1,	10,	3,	'Dasii Motor',	'2',	'Active',	'0000-00-00 00:00:00',	'0000-00-00 00:00:00'),
(38,	3,	38,	1,	10,	3,	'Dasii Motor',	'2',	'Active',	'0000-00-00 00:00:00',	'0000-00-00 00:00:00'),
(39,	3,	39,	1,	10,	3,	'Dasii Motor',	'2',	'Active',	'0000-00-00 00:00:00',	'0000-00-00 00:00:00'),
(40,	3,	40,	1,	10,	3,	'Dasii Motor',	'2',	'Active',	'0000-00-00 00:00:00',	'0000-00-00 00:00:00'),
(41,	3,	41,	1,	10,	4,	'Dasii Motor',	'2',	'Active',	'0000-00-00 00:00:00',	'0000-00-00 00:00:00'),
(42,	3,	42,	1,	10,	4,	'Dasii Motor',	'2',	'Active',	'0000-00-00 00:00:00',	'0000-00-00 00:00:00'),
(43,	3,	43,	1,	10,	4,	'Dasii Motor',	'2',	'Active',	'0000-00-00 00:00:00',	'0000-00-00 00:00:00'),
(44,	3,	44,	1,	10,	4,	'Dasii Motor',	'2',	'Active',	'0000-00-00 00:00:00',	'0000-00-00 00:00:00'),
(45,	3,	45,	1,	10,	4,	'Dasii Motor',	'2',	'Active',	'0000-00-00 00:00:00',	'0000-00-00 00:00:00'),
(46,	3,	46,	1,	10,	4,	'Dasii Motor',	'2',	'Active',	'0000-00-00 00:00:00',	'0000-00-00 00:00:00'),
(47,	3,	47,	1,	10,	4,	'Dasii Motor',	'2',	'Active',	'0000-00-00 00:00:00',	'0000-00-00 00:00:00'),
(48,	3,	48,	1,	10,	4,	'Dasii Motor',	'2',	'Active',	'0000-00-00 00:00:00',	'0000-00-00 00:00:00'),
(49,	3,	49,	1,	10,	4,	'Dasii Motor',	'2',	'Active',	'0000-00-00 00:00:00',	'0000-00-00 00:00:00'),
(50,	3,	50,	1,	10,	4,	'Dasii Motor',	'2',	'Active',	'0000-00-00 00:00:00',	'0000-00-00 00:00:00'),
(51,	3,	51,	1,	10,	4,	'Dasii Motor',	'2',	'Active',	'0000-00-00 00:00:00',	'0000-00-00 00:00:00'),
(52,	3,	52,	1,	10,	4,	'Dasii Motor',	'2',	'Active',	'0000-00-00 00:00:00',	'0000-00-00 00:00:00'),
(53,	3,	53,	1,	10,	4,	'Dasii Motor',	'2',	'Active',	'0000-00-00 00:00:00',	'0000-00-00 00:00:00'),
(54,	3,	54,	1,	10,	5,	'Dasii Motor',	'2',	'Active',	'0000-00-00 00:00:00',	'0000-00-00 00:00:00'),
(55,	3,	55,	1,	10,	5,	'Dasii Motor',	'2',	'Active',	'0000-00-00 00:00:00',	'0000-00-00 00:00:00'),
(56,	3,	56,	1,	10,	5,	'Dasii Motor',	'2',	'Active',	'0000-00-00 00:00:00',	'0000-00-00 00:00:00'),
(57,	3,	57,	1,	10,	5,	'Dasii Motor',	'2',	'Active',	'0000-00-00 00:00:00',	'0000-00-00 00:00:00'),
(58,	3,	58,	1,	10,	5,	'Dasii Motor',	'2',	'Active',	'0000-00-00 00:00:00',	'0000-00-00 00:00:00'),
(59,	3,	59,	1,	10,	5,	'Dasii Motor',	'2',	'Active',	'0000-00-00 00:00:00',	'0000-00-00 00:00:00'),
(60,	3,	60,	1,	10,	5,	'Dasii Motor',	'2',	'Active',	'0000-00-00 00:00:00',	'0000-00-00 00:00:00'),
(61,	3,	61,	1,	10,	5,	'Dasii Motor',	'2',	'Active',	'0000-00-00 00:00:00',	'0000-00-00 00:00:00'),
(62,	3,	62,	1,	10,	5,	'Dasii Motor',	'2',	'Active',	'0000-00-00 00:00:00',	'0000-00-00 00:00:00'),
(63,	3,	63,	1,	10,	5,	'Dasii Motor',	'2',	'Active',	'0000-00-00 00:00:00',	'0000-00-00 00:00:00'),
(64,	3,	64,	1,	10,	5,	'Dasii Motor',	'2',	'Active',	'0000-00-00 00:00:00',	'0000-00-00 00:00:00'),
(65,	3,	65,	1,	10,	5,	'Dasii Motor',	'2',	'Active',	'0000-00-00 00:00:00',	'0000-00-00 00:00:00'),
(66,	3,	66,	1,	10,	5,	'Dasii Motor',	'2',	'Active',	'0000-00-00 00:00:00',	'0000-00-00 00:00:00'),
(67,	3,	67,	1,	10,	5,	'Dasii Motor',	'2',	'Active',	'0000-00-00 00:00:00',	'0000-00-00 00:00:00'),
(68,	3,	68,	1,	10,	6,	'Dasii Mental',	'1',	'Active',	'2018-06-05 16:57:09',	'0000-00-00 00:00:00'),
(69,	3,	69,	1,	10,	6,	'Dasii Mental',	'2',	'Active',	'0000-00-00 00:00:00',	'0000-00-00 00:00:00'),
(70,	3,	70,	1,	10,	6,	'Dasii Mental',	'2',	'Active',	'0000-00-00 00:00:00',	'0000-00-00 00:00:00'),
(71,	3,	71,	1,	10,	6,	'Dasii Mental',	'2',	'Active',	'0000-00-00 00:00:00',	'0000-00-00 00:00:00'),
(72,	3,	72,	1,	10,	6,	'Dasii Mental',	'2',	'Active',	'0000-00-00 00:00:00',	'0000-00-00 00:00:00'),
(73,	3,	73,	1,	10,	6,	'Dasii Mental',	'2',	'Active',	'0000-00-00 00:00:00',	'0000-00-00 00:00:00'),
(74,	3,	74,	1,	10,	6,	'Dasii Mental',	'2',	'Active',	'0000-00-00 00:00:00',	'0000-00-00 00:00:00'),
(75,	3,	75,	1,	10,	6,	'Dasii Mental',	'2',	'Active',	'0000-00-00 00:00:00',	'0000-00-00 00:00:00'),
(76,	3,	76,	1,	10,	6,	'Dasii Mental',	'2',	'Active',	'0000-00-00 00:00:00',	'0000-00-00 00:00:00'),
(77,	3,	77,	1,	10,	6,	'Dasii Mental',	'2',	'Active',	'0000-00-00 00:00:00',	'0000-00-00 00:00:00'),
(78,	3,	78,	1,	10,	6,	'Dasii Mental',	'2',	'Active',	'0000-00-00 00:00:00',	'0000-00-00 00:00:00'),
(79,	3,	79,	1,	10,	6,	'Dasii Mental',	'2',	'Active',	'0000-00-00 00:00:00',	'0000-00-00 00:00:00'),
(80,	3,	80,	1,	10,	6,	'Dasii Mental',	'2',	'Active',	'0000-00-00 00:00:00',	'0000-00-00 00:00:00'),
(81,	3,	81,	1,	10,	6,	'Dasii Mental',	'2',	'Active',	'0000-00-00 00:00:00',	'0000-00-00 00:00:00'),
(82,	3,	82,	1,	10,	6,	'Dasii Mental',	'2',	'Active',	'0000-00-00 00:00:00',	'0000-00-00 00:00:00'),
(83,	3,	83,	1,	10,	6,	'Dasii Mental',	'2',	'Active',	'0000-00-00 00:00:00',	'0000-00-00 00:00:00'),
(84,	3,	84,	1,	10,	6,	'Dasii Mental',	'2',	'Active',	'0000-00-00 00:00:00',	'0000-00-00 00:00:00'),
(85,	3,	85,	1,	10,	6,	'Dasii Mental',	'2',	'Active',	'0000-00-00 00:00:00',	'0000-00-00 00:00:00'),
(86,	3,	86,	1,	10,	6,	'Dasii Mental',	'2',	'Active',	'0000-00-00 00:00:00',	'0000-00-00 00:00:00'),
(87,	3,	87,	1,	10,	6,	'Dasii Mental',	'2',	'Active',	'0000-00-00 00:00:00',	'0000-00-00 00:00:00'),
(88,	3,	88,	1,	10,	6,	'Dasii Mental',	'2',	'Active',	'0000-00-00 00:00:00',	'0000-00-00 00:00:00'),
(89,	3,	89,	1,	10,	6,	'Dasii Mental',	'2',	'Active',	'0000-00-00 00:00:00',	'0000-00-00 00:00:00'),
(90,	3,	90,	1,	10,	6,	'Dasii Mental',	'2',	'Active',	'0000-00-00 00:00:00',	'0000-00-00 00:00:00'),
(91,	3,	91,	1,	10,	6,	'Dasii Mental',	'2',	'Active',	'0000-00-00 00:00:00',	'0000-00-00 00:00:00'),
(92,	3,	92,	1,	10,	6,	'Dasii Mental',	'2',	'Active',	'0000-00-00 00:00:00',	'0000-00-00 00:00:00'),
(93,	3,	93,	1,	10,	7,	'Dasii Mental',	'2',	'Active',	'0000-00-00 00:00:00',	'0000-00-00 00:00:00'),
(94,	3,	94,	1,	10,	7,	'Dasii Mental',	'2',	'Active',	'0000-00-00 00:00:00',	'0000-00-00 00:00:00'),
(95,	3,	95,	1,	10,	7,	'Dasii Mental',	'2',	'Active',	'0000-00-00 00:00:00',	'0000-00-00 00:00:00'),
(96,	3,	96,	1,	10,	7,	'Dasii Mental',	'2',	'Active',	'0000-00-00 00:00:00',	'0000-00-00 00:00:00'),
(97,	3,	97,	1,	10,	7,	'Dasii Mental',	'2',	'Active',	'0000-00-00 00:00:00',	'0000-00-00 00:00:00'),
(98,	3,	98,	1,	10,	7,	'Dasii Mental',	'2',	'Active',	'0000-00-00 00:00:00',	'0000-00-00 00:00:00'),
(99,	3,	99,	1,	10,	7,	'Dasii Mental',	'2',	'Active',	'0000-00-00 00:00:00',	'0000-00-00 00:00:00'),
(100,	3,	100,	1,	10,	8,	'Dasii Mental',	'2',	'Active',	'0000-00-00 00:00:00',	'0000-00-00 00:00:00'),
(101,	3,	101,	1,	10,	8,	'Dasii Mental',	'2',	'Active',	'0000-00-00 00:00:00',	'0000-00-00 00:00:00'),
(102,	3,	102,	1,	10,	8,	'Dasii Mental',	'2',	'Active',	'0000-00-00 00:00:00',	'0000-00-00 00:00:00'),
(103,	3,	103,	1,	10,	8,	'Dasii Mental',	'2',	'Active',	'0000-00-00 00:00:00',	'0000-00-00 00:00:00'),
(104,	3,	104,	1,	10,	8,	'Dasii Mental',	'2',	'Active',	'0000-00-00 00:00:00',	'0000-00-00 00:00:00'),
(105,	3,	105,	1,	10,	8,	'Dasii Mental',	'2',	'Active',	'0000-00-00 00:00:00',	'0000-00-00 00:00:00'),
(106,	3,	106,	1,	10,	8,	'Dasii Mental',	'2',	'Active',	'0000-00-00 00:00:00',	'0000-00-00 00:00:00'),
(107,	3,	107,	1,	10,	8,	'Dasii Mental',	'2',	'Active',	'0000-00-00 00:00:00',	'0000-00-00 00:00:00'),
(108,	3,	108,	1,	10,	8,	'Dasii Mental',	'2',	'Active',	'0000-00-00 00:00:00',	'0000-00-00 00:00:00'),
(109,	3,	109,	1,	10,	8,	'Dasii Mental',	'2',	'Active',	'0000-00-00 00:00:00',	'0000-00-00 00:00:00'),
(110,	3,	110,	1,	10,	8,	'Dasii Mental',	'2',	'Active',	'0000-00-00 00:00:00',	'0000-00-00 00:00:00'),
(111,	3,	111,	1,	10,	8,	'Dasii Mental',	'2',	'Active',	'0000-00-00 00:00:00',	'0000-00-00 00:00:00'),
(112,	3,	112,	1,	10,	8,	'Dasii Mental',	'2',	'Active',	'0000-00-00 00:00:00',	'0000-00-00 00:00:00'),
(113,	3,	113,	1,	10,	8,	'Dasii Mental',	'2',	'Active',	'0000-00-00 00:00:00',	'0000-00-00 00:00:00'),
(114,	3,	114,	1,	10,	8,	'Dasii Mental',	'2',	'Active',	'0000-00-00 00:00:00',	'0000-00-00 00:00:00'),
(115,	3,	115,	1,	10,	8,	'Dasii Mental',	'2',	'Active',	'0000-00-00 00:00:00',	'0000-00-00 00:00:00'),
(116,	3,	116,	1,	10,	8,	'Dasii Mental',	'2',	'Active',	'0000-00-00 00:00:00',	'0000-00-00 00:00:00'),
(117,	3,	117,	1,	10,	8,	'Dasii Mental',	'2',	'Active',	'0000-00-00 00:00:00',	'0000-00-00 00:00:00'),
(118,	3,	118,	1,	10,	8,	'Dasii Mental',	'2',	'Active',	'0000-00-00 00:00:00',	'0000-00-00 00:00:00'),
(119,	3,	119,	1,	10,	8,	'Dasii Mental',	'2',	'Active',	'0000-00-00 00:00:00',	'0000-00-00 00:00:00'),
(120,	3,	120,	1,	10,	8,	'Dasii Mental',	'2',	'Active',	'0000-00-00 00:00:00',	'0000-00-00 00:00:00'),
(121,	3,	121,	1,	10,	8,	'Dasii Mental',	'2',	'Active',	'0000-00-00 00:00:00',	'0000-00-00 00:00:00'),
(122,	3,	122,	1,	10,	8,	'Dasii Mental',	'2',	'Active',	'0000-00-00 00:00:00',	'0000-00-00 00:00:00'),
(123,	3,	123,	1,	10,	8,	'Dasii Mental',	'2',	'Active',	'0000-00-00 00:00:00',	'0000-00-00 00:00:00'),
(124,	3,	124,	1,	10,	8,	'Dasii Mental',	'2',	'Active',	'0000-00-00 00:00:00',	'0000-00-00 00:00:00'),
(125,	3,	125,	1,	10,	8,	'Dasii Mental',	'2',	'Active',	'0000-00-00 00:00:00',	'0000-00-00 00:00:00'),
(126,	3,	126,	1,	10,	8,	'Dasii Mental',	'2',	'Active',	'0000-00-00 00:00:00',	'0000-00-00 00:00:00'),
(127,	3,	127,	1,	10,	8,	'Dasii Mental',	'2',	'Active',	'0000-00-00 00:00:00',	'0000-00-00 00:00:00'),
(128,	3,	128,	1,	10,	8,	'Dasii Mental',	'2',	'Active',	'0000-00-00 00:00:00',	'0000-00-00 00:00:00'),
(129,	3,	129,	1,	10,	8,	'Dasii Mental',	'2',	'Active',	'0000-00-00 00:00:00',	'0000-00-00 00:00:00'),
(130,	3,	130,	1,	10,	8,	'Dasii Mental',	'2',	'Active',	'0000-00-00 00:00:00',	'0000-00-00 00:00:00'),
(131,	3,	131,	1,	10,	8,	'Dasii Mental',	'2',	'Active',	'0000-00-00 00:00:00',	'0000-00-00 00:00:00'),
(132,	3,	132,	1,	10,	8,	'Dasii Mental',	'2',	'Active',	'0000-00-00 00:00:00',	'0000-00-00 00:00:00'),
(133,	3,	133,	1,	10,	8,	'Dasii Mental',	'2',	'Active',	'0000-00-00 00:00:00',	'0000-00-00 00:00:00'),
(134,	3,	134,	1,	10,	8,	'Dasii Mental',	'2',	'Active',	'0000-00-00 00:00:00',	'0000-00-00 00:00:00'),
(135,	3,	135,	1,	10,	8,	'Dasii Mental',	'2',	'Active',	'0000-00-00 00:00:00',	'0000-00-00 00:00:00');

DROP TABLE IF EXISTS `prescriptions`;
CREATE TABLE `prescriptions` (
  `id` int(11) NOT NULL AUTO_INCREMENT,
  `appointment_id` int(11) NOT NULL,
  `patient_id` int(11) NOT NULL,
  `corrected_age` varchar(255) NOT NULL,
  `chronological_age` varchar(255) NOT NULL,
  `informant` varchar(255) NOT NULL,
  `school_name` varchar(255) NOT NULL,
  `edd` varchar(255) NOT NULL,
  `patient_complaints` varchar(255) NOT NULL,
  `anc_scan` varchar(255) NOT NULL,
  `antenatal` varchar(255) NOT NULL,
  `term` varchar(255) NOT NULL,
  `indication` varchar(255) NOT NULL,
  `mode_of_delivery` varchar(255) NOT NULL,
  `birth_weight` varchar(255) NOT NULL,
  `cried_after_birth` varchar(255) NOT NULL,
  `resuscitation` varchar(255) NOT NULL,
  `nicu_stay` varchar(255) NOT NULL,
  `diagnosis` varchar(255) NOT NULL,
  `neck_holding` varchar(255) NOT NULL,
  `roll_over` varchar(255) NOT NULL,
  `back_to_side` varchar(255) NOT NULL,
  `side_to_back` varchar(255) NOT NULL,
  `come_to_sit` varchar(255) NOT NULL,
  `crawling` varchar(255) NOT NULL,
  `creeping` varchar(255) NOT NULL,
  `sitting_support` varchar(255) NOT NULL,
  `sitting_without_support` varchar(255) NOT NULL,
  `come_to_stand` varchar(255) NOT NULL,
  `standing_support` varchar(255) NOT NULL,
  `standing_without_support` varchar(255) NOT NULL,
  `standing_to_sitting` varchar(255) NOT NULL,
  `walking_support` varchar(255) NOT NULL,
  `walking_without_support` varchar(255) NOT NULL,
  `walk_sideways` varchar(255) NOT NULL,
  `gross_motor_remark` varchar(255) NOT NULL,
  `climb_upstairs` varchar(255) NOT NULL,
  `climb_upstairs_without_support` varchar(255) NOT NULL,
  `reaching_object` varchar(255) NOT NULL,
  `transfer_object` varchar(255) NOT NULL,
  `fine_motor_remark` varchar(255) NOT NULL,
  `monosyllables` varchar(255) NOT NULL,
  `bisyllables` varchar(255) NOT NULL,
  `sentence_meaning` varchar(255) NOT NULL,
  `expres_communi_remark` varchar(255) NOT NULL,
  `his_her` varchar(255) NOT NULL,
  `response_to_name_call` varchar(255) NOT NULL,
  `response_to_name_call_inhibitory` varchar(255) NOT NULL,
  `attention_enjoy` varchar(255) NOT NULL,
  `identify_object` varchar(255) NOT NULL,
  `correctly_point` varchar(255) NOT NULL,
  `correctly_direction` varchar(255) NOT NULL,
  `eye_contact` varchar(255) NOT NULL,
  `pointing_at_objects` varchar(255) NOT NULL,
  `joint_attention` varchar(255) NOT NULL,
  `joint_referencing` varchar(255) NOT NULL,
  `proto_declarative_pointing` varchar(255) NOT NULL,
  `imperative_pointing` varchar(255) NOT NULL,
  `receptive_communi_remark` varchar(255) NOT NULL,
  `imaginary_play` varchar(255) NOT NULL,
  `parallel_play` varchar(255) NOT NULL,
  `pretend_play` varchar(255) NOT NULL,
  `represent_play` varchar(255) NOT NULL,
  `anticipatory` varchar(255) NOT NULL,
  `expression_caregiver` varchar(255) NOT NULL,
  `display_awareness` varchar(255) NOT NULL,
  `cognitive_remark` varchar(255) NOT NULL,
  `day_night` varchar(255) NOT NULL,
  `mix_peers` varchar(255) NOT NULL,
  `step_command` varchar(255) NOT NULL,
  `therapies` varchar(255) NOT NULL,
  `consanguinity` varchar(255) NOT NULL,
  `academic_problems` varchar(255) NOT NULL,
  `neuro_family` varchar(255) NOT NULL,
  `pedigree_chart` varchar(255) NOT NULL,
  `school_absenteeism` varchar(255) NOT NULL,
  `aggression` varchar(255) NOT NULL,
  `disorganisation` varchar(255) NOT NULL,
  `destructive` varchar(255) NOT NULL,
  `homework_avoidance` varchar(255) NOT NULL,
  `lying` varchar(255) NOT NULL,
  `promoted_ever` varchar(255) NOT NULL,
  `repeated_ever` varchar(255) NOT NULL,
  `change_of_school` varchar(255) NOT NULL,
  `place_time` varchar(255) NOT NULL,
  `time_to_complete` varchar(255) NOT NULL,
  `teacher_complaints` varchar(255) NOT NULL,
  `grade_equivalent` varchar(255) NOT NULL,
  `reading_fluency` varchar(255) NOT NULL,
  `reading_remark` varchar(255) NOT NULL,
  `online` varchar(255) NOT NULL,
  `between_words` varchar(255) NOT NULL,
  `formation` varchar(255) NOT NULL,
  `grammer_error` varchar(255) NOT NULL,
  `punctuation` varchar(255) NOT NULL,
  `writing_remark` varchar(255) NOT NULL,
  `basic_sums` varchar(255) NOT NULL,
  `finger_counting` varchar(255) NOT NULL,
  `sign_confusion` varchar(255) NOT NULL,
  `apply_problems` varchar(255) NOT NULL,
  `maths_remark` varchar(255) NOT NULL,
  `learning_disorder` varchar(255) NOT NULL,
  `seizures` varchar(255) NOT NULL,
  `admission_in_past` varchar(255) NOT NULL,
  `ct_brain` varchar(255) NOT NULL,
  `mri_brain` varchar(255) NOT NULL,
  `thyroid` varchar(255) NOT NULL,
  `echo` varchar(255) NOT NULL,
  `total_cpk` varchar(255) NOT NULL,
  `eeg` varchar(255) NOT NULL,
  `ophthalmic_evaluation` varchar(255) NOT NULL,
  `audio_evaluation` varchar(255) NOT NULL,
  `medication_history` varchar(255) NOT NULL,
  `karyotyping` varchar(255) NOT NULL,
  `investigations` varchar(255) NOT NULL,
  `high_c` varchar(255) NOT NULL,
  `weight` varchar(255) NOT NULL,
  `liter` varchar(255) NOT NULL,
  `blood_pressure` varchar(255) NOT NULL,
  `bmi` varchar(255) NOT NULL,
  `hyper_c` varchar(255) NOT NULL,
  `hyper_t` varchar(255) NOT NULL,
  `weight_t` varchar(255) NOT NULL,
  `dysmorphic_features` varchar(255) NOT NULL,
  `dysmorphic_features_description` varchar(255) NOT NULL,
  `speech_fluency` varchar(255) NOT NULL,
  `stuttering` varchar(255) NOT NULL,
  `misarticulation` varchar(255) NOT NULL,
  `flat_feet` varchar(255) NOT NULL,
  `tongue_tie` varchar(255) NOT NULL,
  `delayed_response` varchar(255) NOT NULL,
  `cafe_spot` varchar(255) NOT NULL,
  `cafe_reason` varchar(255) NOT NULL,
  `neuro_marker` varchar(255) NOT NULL,
  `neuro_marker_description` varchar(255) NOT NULL,
  `neuro_marker_reason` varchar(255) NOT NULL,
  `tone_axial` varchar(255) NOT NULL,
  `tone_appendicular` varchar(255) NOT NULL,
  `power_rt` varchar(255) NOT NULL,
  `lt_hypo` varchar(255) NOT NULL,
  `dystonia` varchar(255) NOT NULL,
  `hamstring_tightness` varchar(255) NOT NULL,
  `general_rt` varchar(255) NOT NULL,
  `general_lt` varchar(255) NOT NULL,
  `reflexes_rt` varchar(255) NOT NULL,
  `brisk_lt` varchar(255) NOT NULL,
  `scissoring` varchar(255) NOT NULL,
  `opisthotonus` varchar(255) NOT NULL,
  `amiel_tison_angles` varchar(255) NOT NULL,
  `refractive_error` varchar(255) NOT NULL,
  `hearing_impairment` varchar(255) NOT NULL,
  `ankle_clonus` varchar(255) NOT NULL,
  `adl_functional_evaluation` varchar(255) NOT NULL,
  `dia_diagnosis` varchar(255) NOT NULL,
  `diagnosis_description` varchar(255) NOT NULL,
  `recomandation` varchar(255) NOT NULL,
  `head_circumference` varchar(255) NOT NULL,
  `PI_id` varchar(255) NOT NULL,
  `provisional_impression` varchar(255) NOT NULL,
  `advice` varchar(255) NOT NULL,
  `pdf` varchar(255) NOT NULL,
  `next_follow_up` date NOT NULL,
  `other_system_nad` enum('Yes','No') NOT NULL,
  `medicines` varchar(255) NOT NULL,
  `mst_slot_from` varchar(255) NOT NULL,
  `mst_slot_to` varchar(255) NOT NULL,
  `rooms` varchar(255) NOT NULL,
  `status` enum('Active','Inactive') NOT NULL,
  `created` datetime NOT NULL,
  `modified` datetime NOT NULL,
  PRIMARY KEY (`id`)
) ENGINE=InnoDB DEFAULT CHARSET=latin1;

INSERT INTO `prescriptions` (`id`, `appointment_id`, `patient_id`, `corrected_age`, `chronological_age`, `informant`, `school_name`, `edd`, `patient_complaints`, `anc_scan`, `antenatal`, `term`, `indication`, `mode_of_delivery`, `birth_weight`, `cried_after_birth`, `resuscitation`, `nicu_stay`, `diagnosis`, `neck_holding`, `roll_over`, `back_to_side`, `side_to_back`, `come_to_sit`, `crawling`, `creeping`, `sitting_support`, `sitting_without_support`, `come_to_stand`, `standing_support`, `standing_without_support`, `standing_to_sitting`, `walking_support`, `walking_without_support`, `walk_sideways`, `gross_motor_remark`, `climb_upstairs`, `climb_upstairs_without_support`, `reaching_object`, `transfer_object`, `fine_motor_remark`, `monosyllables`, `bisyllables`, `sentence_meaning`, `expres_communi_remark`, `his_her`, `response_to_name_call`, `response_to_name_call_inhibitory`, `attention_enjoy`, `identify_object`, `correctly_point`, `correctly_direction`, `eye_contact`, `pointing_at_objects`, `joint_attention`, `joint_referencing`, `proto_declarative_pointing`, `imperative_pointing`, `receptive_communi_remark`, `imaginary_play`, `parallel_play`, `pretend_play`, `represent_play`, `anticipatory`, `expression_caregiver`, `display_awareness`, `cognitive_remark`, `day_night`, `mix_peers`, `step_command`, `therapies`, `consanguinity`, `academic_problems`, `neuro_family`, `pedigree_chart`, `school_absenteeism`, `aggression`, `disorganisation`, `destructive`, `homework_avoidance`, `lying`, `promoted_ever`, `repeated_ever`, `change_of_school`, `place_time`, `time_to_complete`, `teacher_complaints`, `grade_equivalent`, `reading_fluency`, `reading_remark`, `online`, `between_words`, `formation`, `grammer_error`, `punctuation`, `writing_remark`, `basic_sums`, `finger_counting`, `sign_confusion`, `apply_problems`, `maths_remark`, `learning_disorder`, `seizures`, `admission_in_past`, `ct_brain`, `mri_brain`, `thyroid`, `echo`, `total_cpk`, `eeg`, `ophthalmic_evaluation`, `audio_evaluation`, `medication_history`, `karyotyping`, `investigations`, `high_c`, `weight`, `liter`, `blood_pressure`, `bmi`, `hyper_c`, `hyper_t`, `weight_t`, `dysmorphic_features`, `dysmorphic_features_description`, `speech_fluency`, `stuttering`, `misarticulation`, `flat_feet`, `tongue_tie`, `delayed_response`, `cafe_spot`, `cafe_reason`, `neuro_marker`, `neuro_marker_description`, `neuro_marker_reason`, `tone_axial`, `tone_appendicular`, `power_rt`, `lt_hypo`, `dystonia`, `hamstring_tightness`, `general_rt`, `general_lt`, `reflexes_rt`, `brisk_lt`, `scissoring`, `opisthotonus`, `amiel_tison_angles`, `refractive_error`, `hearing_impairment`, `ankle_clonus`, `adl_functional_evaluation`, `dia_diagnosis`, `diagnosis_description`, `recomandation`, `head_circumference`, `PI_id`, `provisional_impression`, `advice`, `pdf`, `next_follow_up`, `other_system_nad`, `medicines`, `mst_slot_from`, `mst_slot_to`, `rooms`, `status`, `created`, `modified`) VALUES
(1,	1,	12,	'\r\n                   	00 Year, 01 Months, 4 Days Old',	'',	'Mother',	'',	'2018-05-01',	'3',	'Normal',	'1',	'Preterm',	'1',	'NVD',	'Average',	'Yes',	'Yes',	'1',	'test',	'Partial',	'Yes',	'No',	'Yes',	'Yes',	'Yes',	'Yes',	'No',	'Yes',	'Yes',	'Yes',	'Yes',	'No',	'Yes',	'Yes',	'Yes',	'217',	'Yes',	'Yes',	'Yes',	'Yes',	'163',	'Yes',	'Yes',	'Yes',	'115',	'Yes',	'Yes',	'Yes',	'Yes',	'Yes',	'Yes',	'Yes',	'Fleeting',	'Present',	'Present',	'Absent',	'Present',	'Absent',	'67',	'Yes',	'Yes',	'Yes',	'Yes',	'Yes',	'Yes',	'Yes',	'1',	'Conveys toilet needs',	'Prefers younger kids for play',	'Follows one step command',	'hhhhhhhhh',	'No',	'Parents',	'No',	'No',	'Yes',	'Yes',	'Yes',	'Yes',	'Yes',	'Yes',	'Yes',	'Yes',	'Yes',	'Yes',	'Yes',	'3',	'KG',	'Alphabetical',	'hhhhhhhhhhhhhhhhhhhhhhhhhhhhhhhh',	'Can maintain on line',	'Even',	'Appropriate',	'Present',	'Present',	'hhhhhhhhhhhhhhhhhhhhhhhhhhhhhhhhhhh',	'Can’t solve',	'Present',	'Absent',	'Can solve - grade equivalent',	'hhhhhhhhhhhhhhhhhhhhhhhhhhhhhhhhh',	'Present – Inversion',	'No',	'Yes',	'Yes',	'Yes',	'Yes',	'Yes',	'Yes',	'Yes',	'Yes',	'Yes',	'hhhhhhhhhhhhhh',	'hhhhhhhhhhhhhh',	'hhhhhhhhhhhh',	'3',	'33',	'3',	'3',	'33',	'3',	'3',	'3',	'Yes',	'hhhhhhhhh',	'No',	'Yes',	'Yes',	'Yes',	'No',	'Yes',	'No',	'',	'No',	'hhhhhhhhhhhhhhh',	'',	'0',	'Normal',	'0',	'Normal',	'Present',	'Present',	'',	'',	'Normal',	'Brisk',	'Yes',	'Yes',	'Abnormal',	'Present',	'Present',	'Sustained',	'Independent',	'1,2',	'\r\n                   	Lorem Ipsum is simply dummy text of the printing and typesetting industry. Lorem Ipsum has been the industry\'s standard dummy text ever since the 1500s, when an unknown printer took a galley of type and scrambled it to make a type sp',	'2',	'3',	'1,3',	'         	Lorem Ipsum is simply dummy text of the printing and typesetting industry. Lorem Ipsum has been the industry\'s standard dummy text ever since the 1500s, when an unknown printer took a galley of type and scrambled it to make a type specimen book.',	'hhhhhhhhhhhhhhh',	'Test-Proforma-Prescription_8289.pdf',	'0000-00-00',	'Yes',	'',	'0',	'0',	'0',	'Active',	'2018-06-05 17:01:35',	'2018-06-05 17:01:35'),
(2,	6,	10,	'\r\n                   	00 Year, 00 Months, 4 Days Old',	'',	'Mother',	'',	'2018-06-01',	'3',	'Normal',	'1',	'Preterm',	'1',	'NVD',	'Average',	'Yes',	'Yes',	'1',	'hhhhhhhhhhhhhhhhhhhhhhhh',	'Complete',	'Yes',	'Yes',	'Yes',	'Yes',	'Yes',	'Yes',	'Yes',	'Yes',	'Yes',	'Yes',	'Yes',	'Yes',	'Yes',	'Yes',	'Yes',	'217',	'Yes',	'Yes',	'Yes',	'Yes',	'163',	'Yes',	'Yes',	'Yes',	'115',	'Yes',	'Yes',	'Yes',	'Yes',	'Yes',	'Yes',	'Yes',	'Fleeting',	'Present',	'Present',	'Present',	'Absent',	'Present',	'67',	'Yes',	'Yes',	'Yes',	'Yes',	'Yes',	'Yes',	'Yes',	'1',	'Conveys toilet needs',	'Mixes well with same age peers',	'Follows one step command',	'hhhhhhhhhhhhhhhhhhhhhh',	'Yes',	'Parents',	'No',	'No',	'Yes',	'Yes',	'Yes',	'Yes',	'Yes',	'Yes',	'Yes',	'Yes',	'Yes',	'Yes',	'Yes',	'1',	'KG',	'Alphabetical',	'hhhhhhhhhhhhhhhhhhhhhhhhhhhhhhhh',	'Can maintain on line',	'Even',	'Appropriate',	'Present',	'Present',	'hhhhhhhhhhhhhhhhhhhhhhhhhhhhhhhhhhh',	'Can’t solve',	'Present',	'Present',	'Can solve - grade equivalent',	'hhhhhhhhhhhhhhhhhhhhhhhhhhhhhhhhh',	'Absent',	'Yes',	'Yes',	'Yes',	'Yes',	'Yes',	'Yes',	'Yes',	'Yes',	'Yes',	'Yes',	'hhhhhhhhhhhhhhh',	'hhhhhhhhhhhhhhhhhhhhhhh',	'hhhhhhhhhhhhhhhhhhhhhhhhhhhhhhhh',	'8',	'8',	'88',	'8',	'8',	'88',	'4',	'4',	'Yes',	'edsgfvd',	'Yes',	'Yes',	'No',	'Yes',	'Yes',	'Yes',	'No',	'',	'No',	'fgvdg',	'',	'Mild spasticity noted in all four limbs',	'Normal',	'<  3/5 in all four limbs',	'Normal',	'Absent',	'Present',	'',	'',	'+',	'Normal',	'Yes',	'Yes',	'Abnormal',	'Present',	'Present',	'0',	'Partially Dependent',	'2,3',	'\r\n                   	If you are going to use a passage of Lorem Ipsum, you need to be sure there isn\'t anything embarrassing hidden in the middle of text. All the Lorem Ipsum generators on the Internet tend to repeat predefined chunks as necessary\r\n\r\nThe',	'2',	'4',	'2',	'         	 It was popularised in the 1960s with the release of Letraset sheets containing Lorem Ipsum passages, and more recently with desktop publishing software like Aldus PageMaker including versions of Lorem Ipsum. Contrary to popular belief, Lorem Ip',	'fg',	'Test-Proforma-Prescription_6775.pdf',	'2018-06-12',	'Yes',	'',	'1',	'2',	'1',	'Active',	'2018-06-12 11:28:18',	'2018-06-12 11:28:18');

DROP TABLE IF EXISTS `prescriptions_data_dasii`;
CREATE TABLE `prescriptions_data_dasii` (
  `id` int(11) NOT NULL AUTO_INCREMENT,
  `appointment_id` int(11) NOT NULL,
  `patient_id` int(11) NOT NULL,
  `corrected_age` varchar(255) NOT NULL,
  `chronological_age` varchar(255) NOT NULL,
  `informant` varchar(255) NOT NULL,
  `school_name` varchar(255) NOT NULL,
  `edd` varchar(255) NOT NULL,
  `patient_complaints` varchar(255) NOT NULL,
  `anc_scan` varchar(255) NOT NULL,
  `antenatal` varchar(255) NOT NULL,
  `term` varchar(255) NOT NULL,
  `indication` varchar(255) NOT NULL,
  `mode_of_delivery` varchar(255) NOT NULL,
  `birth_weight` varchar(255) NOT NULL,
  `cried_after_birth` varchar(255) NOT NULL,
  `resuscitation` varchar(255) NOT NULL,
  `nicu_stay` varchar(255) NOT NULL,
  `diagnosis` varchar(255) NOT NULL,
  `neck_holding` varchar(255) NOT NULL,
  `roll_over` varchar(255) NOT NULL,
  `back_to_side` varchar(255) NOT NULL,
  `side_to_back` varchar(255) NOT NULL,
  `come_to_sit` varchar(255) NOT NULL,
  `crawling` varchar(255) NOT NULL,
  `creeping` varchar(255) NOT NULL,
  `sitting_support` varchar(255) NOT NULL,
  `sitting_without_support` varchar(255) NOT NULL,
  `come_to_stand` varchar(255) NOT NULL,
  `standing_support` varchar(255) NOT NULL,
  `standing_without_support` varchar(255) NOT NULL,
  `standing_to_sitting` varchar(255) NOT NULL,
  `walking_support` varchar(255) NOT NULL,
  `walking_without_support` varchar(255) NOT NULL,
  `walk_sideways` varchar(255) NOT NULL,
  `gross_motor_remark` varchar(255) NOT NULL,
  `climb_upstairs` varchar(255) NOT NULL,
  `climb_upstairs_without_support` varchar(255) NOT NULL,
  `reaching_object` varchar(255) NOT NULL,
  `transfer_object` varchar(255) NOT NULL,
  `fine_motor_remark` varchar(255) NOT NULL,
  `monosyllables` varchar(255) NOT NULL,
  `bisyllables` varchar(255) NOT NULL,
  `sentence_meaning` varchar(255) NOT NULL,
  `expres_communi_remark` varchar(255) NOT NULL,
  `his_her` varchar(255) NOT NULL,
  `response_to_name_call` varchar(255) NOT NULL,
  `response_to_name_call_inhibitory` varchar(255) NOT NULL,
  `attention_enjoy` varchar(255) NOT NULL,
  `identify_object` varchar(255) NOT NULL,
  `correctly_point` varchar(255) NOT NULL,
  `correctly_direction` varchar(255) NOT NULL,
  `eye_contact` varchar(255) NOT NULL,
  `pointing_at_objects` varchar(255) NOT NULL,
  `joint_attention` varchar(255) NOT NULL,
  `joint_referencing` varchar(255) NOT NULL,
  `proto_declarative_pointing` varchar(255) NOT NULL,
  `imperative_pointing` varchar(255) NOT NULL,
  `receptive_communi_remark` varchar(255) NOT NULL,
  `imaginary_play` varchar(255) NOT NULL,
  `parallel_play` varchar(255) NOT NULL,
  `pretend_play` varchar(255) NOT NULL,
  `represent_play` varchar(255) NOT NULL,
  `anticipatory` varchar(255) NOT NULL,
  `expression_caregiver` varchar(255) NOT NULL,
  `display_awareness` varchar(255) NOT NULL,
  `cognitive_remark` varchar(255) NOT NULL,
  `day_night` varchar(255) NOT NULL,
  `mix_peers` varchar(255) NOT NULL,
  `step_command` varchar(255) NOT NULL,
  `therapies` varchar(255) NOT NULL,
  `consanguinity` varchar(255) NOT NULL,
  `academic_problems` varchar(255) NOT NULL,
  `neuro_family` varchar(255) NOT NULL,
  `pedigree_chart` varchar(255) NOT NULL,
  `school_absenteeism` varchar(255) NOT NULL,
  `aggression` varchar(255) NOT NULL,
  `disorganisation` varchar(255) NOT NULL,
  `destructive` varchar(255) NOT NULL,
  `homework_avoidance` varchar(255) NOT NULL,
  `lying` varchar(255) NOT NULL,
  `promoted_ever` varchar(255) NOT NULL,
  `repeated_ever` varchar(255) NOT NULL,
  `change_of_school` varchar(255) NOT NULL,
  `place_time` varchar(255) NOT NULL,
  `time_to_complete` varchar(255) NOT NULL,
  `teacher_complaints` varchar(255) NOT NULL,
  `grade_equivalent` varchar(255) NOT NULL,
  `reading_fluency` varchar(255) NOT NULL,
  `reading_remark` varchar(255) NOT NULL,
  `online` varchar(255) NOT NULL,
  `between_words` varchar(255) NOT NULL,
  `formation` varchar(255) NOT NULL,
  `grammer_error` varchar(255) NOT NULL,
  `punctuation` varchar(255) NOT NULL,
  `writing_remark` varchar(255) NOT NULL,
  `basic_sums` varchar(255) NOT NULL,
  `finger_counting` varchar(255) NOT NULL,
  `sign_confusion` varchar(255) NOT NULL,
  `apply_problems` varchar(255) NOT NULL,
  `maths_remark` varchar(255) NOT NULL,
  `learning_disorder` varchar(255) NOT NULL,
  `seizures` varchar(255) NOT NULL,
  `admission_in_past` varchar(255) NOT NULL,
  `ct_brain` varchar(255) NOT NULL,
  `mri_brain` varchar(255) NOT NULL,
  `thyroid` varchar(255) NOT NULL,
  `echo` varchar(255) NOT NULL,
  `total_cpk` varchar(255) NOT NULL,
  `eeg` varchar(255) NOT NULL,
  `ophthalmic_evaluation` varchar(255) NOT NULL,
  `audio_evaluation` varchar(255) NOT NULL,
  `medication_history` varchar(255) NOT NULL,
  `karyotyping` varchar(255) NOT NULL,
  `investigations` varchar(255) NOT NULL,
  `high_c` varchar(255) NOT NULL,
  `weight` varchar(255) NOT NULL,
  `liter` varchar(255) NOT NULL,
  `blood_pressure` varchar(255) NOT NULL,
  `bmi` varchar(255) NOT NULL,
  `hyper_c` varchar(255) NOT NULL,
  `hyper_t` varchar(255) NOT NULL,
  `weight_t` varchar(255) NOT NULL,
  `dysmorphic_features` varchar(255) NOT NULL,
  `speech_fluency` varchar(255) NOT NULL,
  `stuttering` varchar(255) NOT NULL,
  `misarticulation` varchar(255) NOT NULL,
  `flat_feet` varchar(255) NOT NULL,
  `tongue_tie` varchar(255) NOT NULL,
  `delayed_response` varchar(255) NOT NULL,
  `cafe_spot` varchar(255) NOT NULL,
  `cafe_reason` varchar(255) NOT NULL,
  `neuro_marker` varchar(255) NOT NULL,
  `neuro_marker_reason` varchar(255) NOT NULL,
  `tone_axial` varchar(255) NOT NULL,
  `tone_appendicular` varchar(255) NOT NULL,
  `power_rt` varchar(255) NOT NULL,
  `lt_hypo` varchar(255) NOT NULL,
  `dystonia` varchar(255) NOT NULL,
  `hamstring_tightness` varchar(255) NOT NULL,
  `general_rt` varchar(255) NOT NULL,
  `general_lt` varchar(255) NOT NULL,
  `reflexes_rt` varchar(255) NOT NULL,
  `brisk_lt` varchar(255) NOT NULL,
  `scissoring` varchar(255) NOT NULL,
  `opisthotonus` varchar(255) NOT NULL,
  `amiel_tison_angles` varchar(255) NOT NULL,
  `refractive_error` varchar(255) NOT NULL,
  `hearing_impairment` varchar(255) NOT NULL,
  `ankle_clonus` varchar(255) NOT NULL,
  `adl_functional_evaluation` varchar(255) NOT NULL,
  `dia_diagnosis` varchar(255) NOT NULL,
  `diagnosis_description` varchar(255) NOT NULL,
  `recomandation` varchar(255) NOT NULL,
  `head_circumference` varchar(255) NOT NULL,
  `PI_id` varchar(255) NOT NULL,
  `provisional_impression` varchar(255) NOT NULL,
  `advice` varchar(255) NOT NULL,
  `pdf` varchar(255) NOT NULL,
  `next_follow_up` date NOT NULL,
  `mst_slot_from` varchar(255) NOT NULL,
  `mst_slot_to` varchar(255) NOT NULL,
  `rooms` varchar(255) NOT NULL,
  `other_system_nad` enum('Yes','No') NOT NULL,
  `status` enum('Active','Inactive') NOT NULL,
  `created` datetime NOT NULL,
  `modified` datetime NOT NULL,
  PRIMARY KEY (`id`)
) ENGINE=InnoDB DEFAULT CHARSET=latin1;

INSERT INTO `prescriptions_data_dasii` (`id`, `appointment_id`, `patient_id`, `corrected_age`, `chronological_age`, `informant`, `school_name`, `edd`, `patient_complaints`, `anc_scan`, `antenatal`, `term`, `indication`, `mode_of_delivery`, `birth_weight`, `cried_after_birth`, `resuscitation`, `nicu_stay`, `diagnosis`, `neck_holding`, `roll_over`, `back_to_side`, `side_to_back`, `come_to_sit`, `crawling`, `creeping`, `sitting_support`, `sitting_without_support`, `come_to_stand`, `standing_support`, `standing_without_support`, `standing_to_sitting`, `walking_support`, `walking_without_support`, `walk_sideways`, `gross_motor_remark`, `climb_upstairs`, `climb_upstairs_without_support`, `reaching_object`, `transfer_object`, `fine_motor_remark`, `monosyllables`, `bisyllables`, `sentence_meaning`, `expres_communi_remark`, `his_her`, `response_to_name_call`, `response_to_name_call_inhibitory`, `attention_enjoy`, `identify_object`, `correctly_point`, `correctly_direction`, `eye_contact`, `pointing_at_objects`, `joint_attention`, `joint_referencing`, `proto_declarative_pointing`, `imperative_pointing`, `receptive_communi_remark`, `imaginary_play`, `parallel_play`, `pretend_play`, `represent_play`, `anticipatory`, `expression_caregiver`, `display_awareness`, `cognitive_remark`, `day_night`, `mix_peers`, `step_command`, `therapies`, `consanguinity`, `academic_problems`, `neuro_family`, `pedigree_chart`, `school_absenteeism`, `aggression`, `disorganisation`, `destructive`, `homework_avoidance`, `lying`, `promoted_ever`, `repeated_ever`, `change_of_school`, `place_time`, `time_to_complete`, `teacher_complaints`, `grade_equivalent`, `reading_fluency`, `reading_remark`, `online`, `between_words`, `formation`, `grammer_error`, `punctuation`, `writing_remark`, `basic_sums`, `finger_counting`, `sign_confusion`, `apply_problems`, `maths_remark`, `learning_disorder`, `seizures`, `admission_in_past`, `ct_brain`, `mri_brain`, `thyroid`, `echo`, `total_cpk`, `eeg`, `ophthalmic_evaluation`, `audio_evaluation`, `medication_history`, `karyotyping`, `investigations`, `high_c`, `weight`, `liter`, `blood_pressure`, `bmi`, `hyper_c`, `hyper_t`, `weight_t`, `dysmorphic_features`, `speech_fluency`, `stuttering`, `misarticulation`, `flat_feet`, `tongue_tie`, `delayed_response`, `cafe_spot`, `cafe_reason`, `neuro_marker`, `neuro_marker_reason`, `tone_axial`, `tone_appendicular`, `power_rt`, `lt_hypo`, `dystonia`, `hamstring_tightness`, `general_rt`, `general_lt`, `reflexes_rt`, `brisk_lt`, `scissoring`, `opisthotonus`, `amiel_tison_angles`, `refractive_error`, `hearing_impairment`, `ankle_clonus`, `adl_functional_evaluation`, `dia_diagnosis`, `diagnosis_description`, `recomandation`, `head_circumference`, `PI_id`, `provisional_impression`, `advice`, `pdf`, `next_follow_up`, `mst_slot_from`, `mst_slot_to`, `rooms`, `other_system_nad`, `status`, `created`, `modified`) VALUES
(2,	3,	10,	'\r\n                   	00 Year, 00 Months, 4 Days Old',	'',	'Mother',	'',	'2018-06-01',	'3',	'Normal',	'1',	'Preterm',	'1',	'NVD',	'Average',	'Yes',	'Yes',	'1',	'hhhhhhhhhhhhhhhhhhhhhhhh',	'Complete',	'Yes',	'Yes',	'Yes',	'Yes',	'Yes',	'Yes',	'Yes',	'Yes',	'Yes',	'Yes',	'Yes',	'Yes',	'Yes',	'Yes',	'Yes',	'217',	'Yes',	'Yes',	'Yes',	'Yes',	'163',	'Yes',	'Yes',	'Yes',	'115',	'Yes',	'Yes',	'Yes',	'Yes',	'Yes',	'Yes',	'Yes',	'Good',	'Present',	'Present',	'Present',	'Absent',	'Present',	'67',	'Yes',	'Yes',	'Yes',	'Yes',	'Yes',	'Yes',	'Yes',	'1',	'Conveys toilet needs',	'Mixes well with same age peers',	'Follows one step command',	'hhhhhhhhhhhhhhhhhhhhhh',	'Yes',	'Parents',	'No',	'No',	'Yes',	'Yes',	'Yes',	'Yes',	'Yes',	'Yes',	'Yes',	'Yes',	'Yes',	'Yes',	'Yes',	'1',	'KG',	'Alphabetical',	'hhhhhhhhhhhhhhhhhhhhhhhhhhhhhhhh',	'Can maintain on line',	'Even',	'Appropriate',	'Present',	'Present',	'hhhhhhhhhhhhhhhhhhhhhhhhhhhhhhhhhhh',	'Can’t solve',	'Present',	'Present',	'Can solve - grade equivalent',	'hhhhhhhhhhhhhhhhhhhhhhhhhhhhhhhhh',	'Absent',	'Yes',	'Yes',	'Yes',	'Yes',	'Yes',	'Yes',	'Yes',	'Yes',	'Yes',	'Yes',	'hhhhhhhhhhhhhhh',	'hhhhhhhhhhhhhhhhhhhhhhh',	'hhhhhhhhhhhhhhhhhhhhhhhhhhhhhhhh',	'8',	'8',	'88',	'8',	'8',	'88',	'8',	'8',	'Present',	'Yes',	'Yes',	'No',	'Yes',	'Yes',	'Yes',	'No',	'',	'Present',	'',	'Normal',	'Normal',	'Normal',	'Normal',	'Absent',	'Present',	'',	'',	'Normal',	'Normal',	'Yes',	'Yes',	'Abnormal',	'Present',	'Present',	'0',	'Partially Dependent',	'2,3',	'\r\n                   	If you are going to use a passage of Lorem Ipsum, you need to be sure there isn\'t anything embarrassing hidden in the middle of text. All the Lorem Ipsum generators on the Internet tend to repeat predefined chunks as necessary\r\n\r\nThe',	'2',	'8',	'1,2',	'	Lorem Ipsum is simply dummy text of the printing and typesetting industry. Lorem Ipsum has been the industry\'s standard dummy text ever since the 1500s, when an unknown printer took a galley of type and scrambled it to make a type specimen book. It has s',	'hhhhhhhhhhhhhhhhhhhhh',	'Dasii-Test-Proforma_2880.pdf',	'0000-00-00',	'0',	'0',	'0',	'No',	'Active',	'2018-06-05 16:58:30',	'2018-06-05 16:58:30');

DROP TABLE IF EXISTS `quick_appointments`;
CREATE TABLE `quick_appointments` (
  `id` int(11) NOT NULL AUTO_INCREMENT,
  `branch_id` int(1) NOT NULL,
  `patient_id` varchar(255) NOT NULL,
  `date` date NOT NULL,
  `time` time NOT NULL,
  `age` varchar(255) NOT NULL,
  `input_age` varchar(255) NOT NULL,
  `mobile` bigint(20) NOT NULL,
  `dob` varchar(255) NOT NULL,
  `note` varchar(255) NOT NULL,
  `status` enum('Active','Inactive') NOT NULL,
  `created` datetime NOT NULL,
  `modified` datetime NOT NULL,
  PRIMARY KEY (`id`)
) ENGINE=InnoDB DEFAULT CHARSET=latin1;

INSERT INTO `quick_appointments` (`id`, `branch_id`, `patient_id`, `date`, `time`, `age`, `input_age`, `mobile`, `dob`, `note`, `status`, `created`, `modified`) VALUES
(1,	1,	'neha',	'2018-06-13',	'01:00:00',	'',	'15',	6666666666,	'',	'test',	'Active',	'2018-06-13 10:31:03',	'2018-06-13 10:31:03');

DROP TABLE IF EXISTS `settings`;
CREATE TABLE `settings` (
  `id` int(11) NOT NULL AUTO_INCREMENT,
  `name` varchar(255) NOT NULL,
  `value` varchar(255) NOT NULL,
  `created` datetime NOT NULL,
  `modified` datetime NOT NULL,
  PRIMARY KEY (`id`)
) ENGINE=InnoDB DEFAULT CHARSET=latin1;

INSERT INTO `settings` (`id`, `name`, `value`, `created`, `modified`) VALUES
(1,	'Main Logo',	'main_logo.png',	'2018-05-26 14:13:10',	'2018-05-26 14:13:10'),
(2,	'Doctor Stamp',	'doctor_stamp.png',	'2018-05-26 14:13:10',	'2018-05-26 14:13:10'),
(3,	'Name Logo',	'name_logo.png',	'2018-05-26 14:13:10',	'2018-05-26 14:13:10'),
(4,	'Footer Logo',	'footer_logo.png',	'2018-05-26 14:13:10',	'2018-05-26 14:13:10'),
(5,	'Address',	'1st floor, Vijay Bhavan ,opposite Lokmat Building, Dhantoli,Wardha Road, Nagpur-440 012',	'2018-05-26 14:13:10',	'2018-05-26 14:13:10'),
(6,	'Email',	'pcprouds@gmail.com',	'2018-05-26 14:13:10',	'2018-05-26 14:13:10'),
(7,	'Mobile No.',	'09764765706',	'2018-05-26 14:13:10',	'2018-05-26 14:13:10'),
(8,	'Other Mobile No.',	'09970724628',	'2018-05-26 14:13:10',	'2018-05-26 14:13:10');

DROP TABLE IF EXISTS `states`;
CREATE TABLE `states` (
  `id` int(11) NOT NULL AUTO_INCREMENT,
  `country_id` int(11) NOT NULL DEFAULT '1',
  `state_name` varchar(100) NOT NULL,
  `status` enum('Active','Inactive','Trash') NOT NULL DEFAULT 'Active',
  `created` datetime NOT NULL,
  `modified` datetime NOT NULL,
  PRIMARY KEY (`id`)
) ENGINE=InnoDB DEFAULT CHARSET=latin1;

INSERT INTO `states` (`id`, `country_id`, `state_name`, `status`, `created`, `modified`) VALUES
(1,	1,	'Andaman And Nicobar Islands',	'Active',	'2017-09-11 07:17:32',	'0000-00-00 00:00:00'),
(2,	1,	'Andhra Pradesh',	'Active',	'2017-09-11 07:17:32',	'0000-00-00 00:00:00'),
(3,	1,	'Arunachal Pradesh',	'Active',	'2017-09-11 07:17:32',	'0000-00-00 00:00:00'),
(4,	1,	'Assam',	'Active',	'2017-09-11 07:17:32',	'0000-00-00 00:00:00'),
(5,	1,	'Bihar',	'Active',	'2017-09-11 07:17:32',	'0000-00-00 00:00:00'),
(6,	1,	'Chandigarh',	'Active',	'2017-09-11 07:17:32',	'0000-00-00 00:00:00'),
(7,	1,	'Chhattisgarh',	'Active',	'2017-09-11 07:17:32',	'0000-00-00 00:00:00'),
(8,	1,	'Dadra And Nagar Haveli',	'Active',	'2017-09-11 07:17:32',	'0000-00-00 00:00:00'),
(9,	1,	'Daman And Diu',	'Active',	'2017-09-11 07:17:32',	'0000-00-00 00:00:00'),
(10,	1,	'Delhi',	'Active',	'2017-09-11 07:17:32',	'0000-00-00 00:00:00'),
(11,	1,	'Goa',	'Active',	'2017-09-11 07:17:32',	'0000-00-00 00:00:00'),
(12,	1,	'Gujarat',	'Active',	'2017-09-11 07:17:32',	'0000-00-00 00:00:00'),
(13,	1,	'Haryana',	'Active',	'2017-09-11 07:17:32',	'0000-00-00 00:00:00'),
(14,	1,	'Himachal Pradesh',	'Active',	'2017-09-11 07:17:32',	'0000-00-00 00:00:00'),
(15,	1,	'Jammu And Kashmir',	'Active',	'2017-09-11 07:17:32',	'0000-00-00 00:00:00'),
(16,	1,	'Jharkhand',	'Active',	'2017-09-11 07:17:32',	'0000-00-00 00:00:00'),
(17,	1,	'Karnataka',	'Active',	'2017-09-11 07:17:32',	'0000-00-00 00:00:00'),
(18,	1,	'Kerala',	'Active',	'2017-09-11 07:17:32',	'0000-00-00 00:00:00'),
(19,	1,	'Lakshadweep',	'Active',	'2017-09-11 07:17:32',	'0000-00-00 00:00:00'),
(20,	1,	'Madhya Pradesh',	'Active',	'2017-09-11 07:17:32',	'0000-00-00 00:00:00'),
(21,	1,	'Maharashtra',	'Active',	'2017-09-11 07:17:32',	'0000-00-00 00:00:00'),
(22,	1,	'Manipur',	'Active',	'2017-09-11 07:17:32',	'0000-00-00 00:00:00'),
(23,	1,	'Meghalaya',	'Active',	'2017-09-11 07:17:32',	'0000-00-00 00:00:00'),
(24,	1,	'Mizoram',	'Active',	'2017-09-11 07:17:32',	'0000-00-00 00:00:00'),
(25,	1,	'Nagaland',	'Active',	'2017-09-11 07:17:32',	'0000-00-00 00:00:00'),
(26,	1,	'Odisha',	'Active',	'2017-09-11 07:17:32',	'0000-00-00 00:00:00'),
(27,	1,	'Puducherry',	'Active',	'2017-09-11 07:17:32',	'0000-00-00 00:00:00'),
(28,	1,	'Punjab',	'Active',	'2017-09-11 07:17:32',	'0000-00-00 00:00:00'),
(29,	1,	'Rajasthan',	'Active',	'2017-09-11 07:17:32',	'0000-00-00 00:00:00'),
(30,	1,	'Sikkim',	'Active',	'2017-09-11 07:17:32',	'0000-00-00 00:00:00'),
(31,	1,	'Tamil Nadu',	'Active',	'2017-09-11 07:17:32',	'0000-00-00 00:00:00'),
(32,	1,	'Tripura',	'Active',	'2017-09-11 07:17:32',	'0000-00-00 00:00:00'),
(33,	1,	'Uttar Pradesh',	'Active',	'2017-09-11 07:17:32',	'0000-00-00 00:00:00'),
(34,	1,	'Uttarakhand',	'Active',	'2017-09-11 07:17:32',	'0000-00-00 00:00:00'),
(35,	1,	'West Bengal',	'Active',	'2017-09-11 07:17:32',	'0000-00-00 00:00:00');

DROP TABLE IF EXISTS `tests`;
CREATE TABLE `tests` (
  `id` int(11) NOT NULL AUTO_INCREMENT,
  `patient_id` int(11) NOT NULL,
  `appointments_id` int(11) NOT NULL,
  `mst_ages_id` int(11) NOT NULL,
  `mst_sub_test_id` int(11) NOT NULL,
  `doctor_id` int(11) NOT NULL,
  `branch_id` int(11) NOT NULL,
  `patient_age` varchar(255) NOT NULL,
  `appointment_date` date NOT NULL,
  `status` enum('Active','Inactive') NOT NULL,
  `created` datetime NOT NULL,
  `modified` datetime NOT NULL,
  PRIMARY KEY (`id`),
  KEY `appointment_id` (`appointments_id`)
) ENGINE=InnoDB DEFAULT CHARSET=latin1;

INSERT INTO `tests` (`id`, `patient_id`, `appointments_id`, `mst_ages_id`, `mst_sub_test_id`, `doctor_id`, `branch_id`, `patient_age`, `appointment_date`, `status`, `created`, `modified`) VALUES
(1,	12,	1,	4,	2,	1,	1,	'',	'2018-06-05',	'Active',	'2018-06-05 17:01:18',	'2018-06-05 17:01:18'),
(2,	10,	6,	6,	2,	1,	1,	'',	'2018-06-09',	'Active',	'2018-06-09 12:30:42',	'2018-06-09 12:30:42');

DROP TABLE IF EXISTS `users`;
CREATE TABLE `users` (
  `id` int(11) NOT NULL AUTO_INCREMENT,
  `role_id` int(11) NOT NULL,
  `group_id` int(11) NOT NULL,
  `first_name` varchar(255) NOT NULL,
  `last_name` varchar(255) NOT NULL,
  `email` varchar(255) NOT NULL,
  `mobile` bigint(20) NOT NULL,
  `phone` bigint(20) DEFAULT NULL,
  `password` varchar(255) NOT NULL,
  `passshow` varchar(255) NOT NULL,
  `gender` varchar(50) NOT NULL,
  `address` text NOT NULL,
  `country_id` int(11) NOT NULL,
  `state_id` int(11) NOT NULL,
  `city_id` int(11) NOT NULL,
  `branch_id` int(11) NOT NULL,
  `locality` varchar(255) NOT NULL,
  `pincode` int(11) NOT NULL,
  `qualification` varchar(50) NOT NULL,
  `registration_number` varchar(100) NOT NULL,
  `doctor_type` enum('Indian','Others') DEFAULT NULL,
  `availability_morning_to` text NOT NULL,
  `availability_morning_from` text NOT NULL,
  `availability_evening_to` text NOT NULL,
  `availability_evening_from` text NOT NULL,
  `aadhar_card_no` varchar(255) NOT NULL,
  `reason_for_leaving` varchar(255) DEFAULT NULL,
  `status` enum('Active','Inactive') NOT NULL DEFAULT 'Active',
  `is_superadmin` enum('1','0') NOT NULL DEFAULT '0',
  `user_type` enum('admin','super-admin','user','doctors','reception') NOT NULL DEFAULT 'user',
  `is_available_sunday` enum('No','Yes') NOT NULL,
  `image` varchar(255) NOT NULL,
  `created` datetime NOT NULL,
  `modified` datetime NOT NULL,
  PRIMARY KEY (`id`)
) ENGINE=InnoDB DEFAULT CHARSET=latin1;

INSERT INTO `users` (`id`, `role_id`, `group_id`, `first_name`, `last_name`, `email`, `mobile`, `phone`, `password`, `passshow`, `gender`, `address`, `country_id`, `state_id`, `city_id`, `branch_id`, `locality`, `pincode`, `qualification`, `registration_number`, `doctor_type`, `availability_morning_to`, `availability_morning_from`, `availability_evening_to`, `availability_evening_from`, `aadhar_card_no`, `reason_for_leaving`, `status`, `is_superadmin`, `user_type`, `is_available_sunday`, `image`, `created`, `modified`) VALUES
(1,	4,	1,	'Admin',	'',	'admin@admin.com',	9876543210,	NULL,	'21232f297a57a5a743894a0e4a801fc3',	'admin',	'Male',	'',	0,	0,	0,	1,	'',	0,	'0',	'0',	'Indian',	'',	'',	'',	'',	'',	'',	'Active',	'1',	'admin',	'Yes',	'dummy.png',	'2018-01-30 13:37:51',	'2018-02-08 08:22:31'),
(5,	5,	1,	'SuperAdmin',	'Admin',	'superadmin@admin.com',	9876543210,	0,	'21232f297a57a5a743894a0e4a801fc3',	'admin',	'',	'',	0,	0,	0,	1,	'',	0,	'0',	'0',	'Indian',	'',	'',	'',	'',	'',	'',	'Active',	'1',	'super-admin',	'Yes',	'5269_user4.png',	'2018-01-30 13:37:51',	'2018-01-30 13:37:51'),
(9,	4,	1,	'Dinesh',	'Prouds',	'pcprouds@gmail.com',	9970813586,	NULL,	'1e6e0a04d20f50967c64dac2d639a577',	'1100',	'Male',	'Laxmi Nagar',	1,	21,	2,	3,	'Laxmi Nagar',	440017,	'BHMS',	'PC-M-001',	'Indian',	'12:00 PM',	'07:00 AM',	'11:00 PM',	'04:00 PM',	'998376363633',	NULL,	'Active',	'0',	'admin',	'Yes',	'user.png',	'2018-03-23 10:30:57',	'0000-00-00 00:00:00'),
(17,	2,	0,	'Reception',	'Prouds',	'reception@prouds.com',	5962359623,	NULL,	'1e6e0a04d20f50967c64dac2d639a577',	'MTEwMA==',	'Male',	'Nagpur',	1,	21,	2,	1,	'Nagpur',	440015,	'BMS',	'956239856235962',	NULL,	'12:00 PM',	'09:00 AM',	'09:00 PM',	'03:00 PM',	'596295625962',	NULL,	'Active',	'0',	'reception',	'No',	'questionMark.png',	'2018-05-31 20:18:43',	'0000-00-00 00:00:00'),
(18,	2,	0,	'Test',	'Test',	'test@gmail.com',	8745956295,	NULL,	'1e6e0a04d20f50967c64dac2d639a577',	'1100',	'Male',	'Nagpur',	1,	21,	2,	1,	'Nagpur',	440015,	'BMS',	'52956239569465',	NULL,	'',	'',	'',	'',	'956596235625',	NULL,	'Active',	'0',	'reception',	'No',	'questionMark1.png',	'2018-05-31 20:43:20',	'0000-00-00 00:00:00'),
(19,	1,	1,	'Rahul',	'Admane',	'rahul@gmail.com',	9888888888,	NULL,	'1e6e0a04d20f50967c64dac2d639a577',	'1100',	'Male',	'Shankar nagar',	1,	21,	2,	1,	'sadar',	440009,	'MBBS',	'',	'Indian',	'',	'',	'',	'',	'777777777777',	NULL,	'Active',	'0',	'doctors',	'No',	'',	'2018-06-02 13:48:34',	'0000-00-00 00:00:00');

-- 2018-06-13 10:01:07
